run,test_loss,test_mae,test_mre,test_r2,predictions_csv
alignn_pretrain,1.2039991617202759,0.8903927206993103,0.39246222376823425,-0.365264356136322,logs/pretrain_eval/alignn_pretrain_preds.csv
alignn_prop_pretrain,1.0301284790039062,0.8106397390365601,0.34563612937927246,-0.14570634067058563,logs/pretrain_eval/alignn_prop_pretrain_preds.csv
cartnet_pretrain,1.1898802518844604,0.9126310348510742,0.39488595724105835,-0.30795928835868835,logs/pretrain_eval/cartnet_pretrain_preds.csv
cartnet_prop_pretrain,1.1238319873809814,0.8760268092155457,0.3707255423069,-0.2168927937746048,output_test/test_predictions.csv
cgcnn_pretrain,0.6811376810073853,0.6272355914115906,0.2953626811504364,0.2710969150066376,logs/pretrain_eval/cgcnn_pretrain_preds.csv
chgnet_pretrain,1.9652472734451294,1.1513227224349976,0.4683320224285126,-1.1211929321289062,output_test/test_predictions.csv
chgnet_prop_pretrain,1.316096305847168,0.9420957565307617,0.4129895269870758,-0.4876158535480499,logs/pretrain_eval/chgnet_prop_pretrain_preds.csv
leftnet_prop_pretrain,1.1664108037948608,0.8920341730117798,0.3865296244621277,-0.2589254677295685,logs/pretrain_eval/leftnet_prop_pretrain_preds.csv
leftnet_z_pretrain,1.818874478340149,1.1653845310211182,0.4888431131839752,-0.9489153623580933,logs/pretrain_eval/leftnet_z_pretrain_preds.csv
