{
  "mp-1048859": {
    "bg": 3.35
  },
  "mp-1197285": {
    "bg": 4.2
  },
  "mp-1194625": {
    "bg": 3.1
  },
  "mp-27966": {
    "bg": 2.685
  },
  "mp-5338": {
    "bg": 2.66
  },
  "mp-1202170": {
    "bg": 3.52
  },
  "mp-149": {
    "bg": 1.12
  },
  "mp-758562": {
    "bg": 2.9
  },
  "mp-1120739": {
    "bg": 3.2
  },
  "mp-23485": {
    "bg": 2.47
  },
  "mp-1190364": {
    "bg": 2.14
  },
  "mp-5048": {
    "bg": 2.31
  },
  "mp-1198529": {
    "bg": 2.47
  },
  "mp-1227335": {
    "bg": 0.92
  },
  "mp-2815": {
    "bg": 2.88
  },
  "mp-5777": {
    "bg": 3.2
  },
  "mp-1199715": {
    "bg": 2.2
  },
  "mp-27488": {
    "bg": 2.1
  },
  "mp-1103351": {
    "bg": 2.85
  },
  "mp-1191976": {
    "bg": 3.4
  },
  "mp-19407": {
    "bg": 2.69
  },
  "mp-19017": {
    "bg": 3.75
  },
  "mp-1201213": {
    "bg": 4.76
  },
  "mp-5955": {
    "bg": 3.76
  },
  "mp-1536": {
    "bg": 0.9
  },
  "mp-3934": {
    "bg": 2.3
  },
  "mp-556070": {
    "bg": 3.376
  },
  "mp-559200": {
    "bg": 2.05
  },
  "mp-641923": {
    "bg": 2.9
  },
  "mp-571293": {
    "bg": 1.53
  },
  "mp-985831": {
    "bg": 1.13
  },
  "mp-1112980": {
    "bg": 3.05
  },
  "mp-19387": {
    "bg": 3.7
  },
  "mp-22914": {
    "bg": 3.17
  },
  "mp-1192395": {
    "bg": 2.8
  },
  "mp-3378": {
    "bg": 3.9
  },
  "mp-1105399": {
    "bg": 0.55
  },
  "mp-66": {
    "bg": 3.15
  },
  "mp-1039": {
    "bg": 3.49
  },
  "mp-19202": {
    "bg": 0.693
  },
  "mp-15222": {
    "bg": 2.19
  },
  "mp-561134": {
    "bg": 1.5
  },
  "mp-1219562": {
    "bg": 2.7199999999999998
  },
  "mp-10182": {
    "bg": 2.04
  },
  "mp-20407": {
    "bg": 3.8
  },
  "mp-1009755": {
    "bg": 1.0
  },
  "mp-13287": {
    "bg": 2.65
  },
  "mp-1020712": {
    "bg": 3.875
  },
  "mp-541378": {
    "bg": 1.3900000000000001
  },
  "mp-11116": {
    "bg": 2.56
  },
  "mp-570887": {
    "bg": 1.8
  },
  "mp-15998": {
    "bg": 1.45
  },
  "mp-1197022": {
    "bg": 1.8
  },
  "mp-29751": {
    "bg": 1.7
  },
  "mp-757766": {
    "bg": 2.8
  },
  "mp-1103709": {
    "bg": 3.35
  },
  "mp-18783": {
    "bg": 2.42
  },
  "mp-1209628": {
    "bg": 1.88
  },
  "mp-29746": {
    "bg": 2.21
  },
  "mp-1186": {
    "bg": 1.7
  },
  "mp-1105235": {
    "bg": 3.76
  },
  "mp-1195574": {
    "bg": 1.63
  },
  "mp-5045": {
    "bg": 2.23
  },
  "mp-5928": {
    "bg": 3.577
  },
  "mp-1192057": {
    "bg": 2.24
  },
  "mp-554820": {
    "bg": 3.65
  },
  "mp-1672": {
    "bg": 4.465
  },
  "mp-19260": {
    "bg": 4.175
  },
  "mp-19511": {
    "bg": 4.0
  },
  "mp-909": {
    "bg": 1.76
  },
  "mp-1192532": {
    "bg": 1.15
  },
  "mp-23054": {
    "bg": 2.45
  },
  "mp-752467": {
    "bg": 3.1
  },
  "mp-998611": {
    "bg": 0.94
  },
  "mp-4809": {
    "bg": 2.84
  },
  "mp-1228486": {
    "bg": 2.12
  },
  "mp-1195633": {
    "bg": 1.92
  },
  "mp-36111": {
    "bg": 2.43
  },
  "mp-28549": {
    "bg": 4.745
  },
  "mp-29502": {
    "bg": 2.5
  },
  "mp-19219": {
    "bg": 3.9
  },
  "mp-15223": {
    "bg": 2.19
  },
  "mp-1209316": {
    "bg": 2.33
  },
  "mp-17254": {
    "bg": 1.88
  },
  "mp-7988": {
    "bg": 2.74
  },
  "mp-759307": {
    "bg": 2.91
  },
  "mp-1203522": {
    "bg": 3.59
  },
  "mp-569548": {
    "bg": 1.6
  },
  "mp-20072": {
    "bg": 2.34
  },
  "mp-23218": {
    "bg": 2.415
  },
  "mp-4636": {
    "bg": 3.3
  },
  "mp-18685": {
    "bg": 2.5
  },
  "mp-9380": {
    "bg": 3.28
  },
  "mp-21766": {
    "bg": 2.63
  },
  "mp-29678": {
    "bg": 0.98
  },
  "mp-1227709": {
    "bg": 3.7
  },
  "mp-2624": {
    "bg": 1.62
  },
  "mp-2423265": {
    "bg": 1.0
  },
  "mp-1205823": {
    "bg": 4.19
  },
  "mp-557436": {
    "bg": 1.72
  },
  "mp-7140": {
    "bg": 3.33
  },
  "mp-218": {
    "bg": 3.7
  },
  "mp-15649": {
    "bg": 1.0
  },
  "mp-27629": {
    "bg": 2.07
  },
  "mp-19853": {
    "bg": 1.98
  },
  "mp-974307": {
    "bg": 2.26
  },
  "mp-777049": {
    "bg": 3.4
  },
  "mp-542314": {
    "bg": 2.98
  },
  "mp-3006": {
    "bg": 2.12
  },
  "mp-569152": {
    "bg": 3.8
  },
  "mp-634": {
    "bg": 2.03
  },
  "mp-510062": {
    "bg": 2.46
  },
  "mp-1227508": {
    "bg": 1.1
  },
  "mp-18601": {
    "bg": 1.61
  },
  "mp-31760": {
    "bg": 2.18
  },
  "mp-1214786": {
    "bg": 1.2
  },
  "mp-757031": {
    "bg": 3.55
  },
  "mp-3744": {
    "bg": 1.5
  },
  "mp-27871": {
    "bg": 1.76
  },
  "mp-3771": {
    "bg": 3.7
  },
  "mp-557089": {
    "bg": 4.39
  },
  "mp-1190100": {
    "bg": 0.9
  },
  "mp-1105187": {
    "bg": 2.2
  },
  "mp-567290": {
    "bg": 0.6
  },
  "mp-3748": {
    "bg": 3.87
  },
  "mp-22939": {
    "bg": 3.455
  },
  "mp-3870": {
    "bg": 2.15
  },
  "mp-12491": {
    "bg": 1.55
  },
  "mp-22590": {
    "bg": 2.1
  },
  "mp-9921": {
    "bg": 2.07
  },
  "mp-570437": {
    "bg": 3.2
  },
  "mp-23074": {
    "bg": 3.93
  },
  "mp-550553": {
    "bg": 3.08
  },
  "mp-558753": {
    "bg": 4.32
  },
  "mp-7090": {
    "bg": 1.04
  },
  "mp-23380": {
    "bg": 2.4850000000000003
  },
  "mp-9195": {
    "bg": 2.9
  },
  "mp-559736": {
    "bg": 1.97
  },
  "mp-2074": {
    "bg": 1.0
  },
  "mp-13944": {
    "bg": 4.4
  },
  "mp-1199321": {
    "bg": 2.2
  },
  "mp-1153": {
    "bg": 3.3595
  },
  "mp-14659": {
    "bg": 1.62
  },
  "mp-2659": {
    "bg": 3.4
  },
  "mp-1206466": {
    "bg": 2.67
  },
  "mp-1223442": {
    "bg": 2.2800000000000002
  },
  "mp-555560": {
    "bg": 3.25
  },
  "mp-1222860": {
    "bg": 5.0
  },
  "mp-1190093": {
    "bg": 2.2
  },
  "mp-1105822": {
    "bg": 3.2
  },
  "mp-11020": {
    "bg": 2.2
  },
  "mp-997618": {
    "bg": 2.6
  },
  "mp-755882": {
    "bg": 2.21
  },
  "mp-572892": {
    "bg": 3.71
  },
  "mp-19039": {
    "bg": 3.2
  },
  "mp-542812": {
    "bg": 1.685
  },
  "mp-1216778": {
    "bg": 1.12
  },
  "mp-20187": {
    "bg": 2.83
  },
  "mp-1479": {
    "bg": 4.2
  },
  "mp-984519": {
    "bg": 1.73
  },
  "mp-1105692": {
    "bg": 1.57
  },
  "mp-18556": {
    "bg": 2.92
  },
  "mp-638086": {
    "bg": 2.49
  },
  "mp-985591": {
    "bg": 2.12
  },
  "mp-1223734": {
    "bg": 2.2
  },
  "mp-504651": {
    "bg": 2.14
  },
  "mp-559171": {
    "bg": 3.3
  },
  "mp-23956": {
    "bg": 3.46
  },
  "mp-1120792": {
    "bg": 2.1
  },
  "mp-34141": {
    "bg": 2.85
  },
  "mp-28453": {
    "bg": 1.31
  }
}