{
  "mp-23324": {
    "bg": 1.9500000000000002
  },
  "mp-1192556": {
    "bg": 3.9
  },
  "mp-31307": {
    "bg": 1.8
  },
  "mp-22858": {
    "bg": 2.867
  },
  "mp-2980": {
    "bg": 3.65
  },
  "mp-1192528": {
    "bg": 1.4
  },
  "mp-32594": {
    "bg": 2.3
  },
  "mp-545820": {
    "bg": 2.55
  },
  "mp-1048391": {
    "bg": 2.18
  },
  "mp-1270": {
    "bg": 2.955
  },
  "mp-15724": {
    "bg": 1.0
  },
  "mp-30092": {
    "bg": 2.975
  },
  "mp-13033": {
    "bg": 2.3
  },
  "mp-988": {
    "bg": 5.0
  },
  "mp-6565": {
    "bg": 4.681
  },
  "mp-1205803": {
    "bg": 2.5
  },
  "mp-3094": {
    "bg": 4.8
  },
  "mp-17761": {
    "bg": 2.03
  },
  "mp-1227983": {
    "bg": 3.23
  },
  "mp-1191826": {
    "bg": 2.26
  },
  "mp-27624": {
    "bg": 2.56
  },
  "mp-1221129": {
    "bg": 4.13
  },
  "mp-550514": {
    "bg": 1.9
  },
  "mp-5350": {
    "bg": 3.4
  },
  "mp-10347": {
    "bg": 3.8
  },
  "mp-696805": {
    "bg": 0.5037
  },
  "mp-1747": {
    "bg": 1.9
  },
  "mp-10044": {
    "bg": 1.39
  },
  "mp-1024073": {
    "bg": 3.325
  },
  "mp-1211748": {
    "bg": 2.21
  },
  "mp-23029": {
    "bg": 2.0
  },
  "mp-567910": {
    "bg": 1.8900000000000001
  },
  "mp-1200554": {
    "bg": 4.06
  },
  "mp-510458": {
    "bg": 0.68
  },
  "mp-1200969": {
    "bg": 3.64
  },
  "mp-757233": {
    "bg": 2.68
  },
  "mp-2715259": {
    "bg": 3.86
  },
  "mp-22473": {
    "bg": 2.8
  },
  "mp-1105127": {
    "bg": 0.53
  },
  "mp-569766": {
    "bg": 1.1
  },
  "mp-685194": {
    "bg": 2.0
  },
  "mp-1200713": {
    "bg": 3.22
  },
  "mp-570363": {
    "bg": 0.755
  },
  "mp-35876": {
    "bg": 2.7
  },
  "mp-1104268": {
    "bg": 2.215
  },
  "mp-2969": {
    "bg": 1.7000000000000002
  },
  "mp-634101": {
    "bg": 2.565
  },
  "mp-556210": {
    "bg": 3.42
  },
  "mp-560118": {
    "bg": 3.8200000000000003
  },
  "mp-5193": {
    "bg": 1.0
  },
  "mp-546790": {
    "bg": 2.31
  },
  "mp-1189259": {
    "bg": 1.62
  },
  "mp-1057015": {
    "bg": 0.7
  },
  "mp-1188784": {
    "bg": 3.26
  },
  "mp-2456335": {
    "bg": 3.27
  },
  "mp-9003": {
    "bg": 2.14
  },
  "mp-7440": {
    "bg": 2.0340000000000003
  },
  "mp-541289": {
    "bg": 2.9
  },
  "mp-29530": {
    "bg": 2.63
  },
  "mp-5837": {
    "bg": 4.08
  },
  "mp-22443": {
    "bg": 2.0
  },
  "mp-585963": {
    "bg": 2.07
  },
  "mp-21723": {
    "bg": 0.9
  },
  "mp-567386": {
    "bg": 2.48
  },
  "mp-1095584": {
    "bg": 1.4
  },
  "mp-4531": {
    "bg": 2.92
  },
  "mp-406": {
    "bg": 1.5
  },
  "mp-1238815": {
    "bg": 1.795
  },
  "mp-560798": {
    "bg": 3.2800000000000002
  },
  "mp-19795": {
    "bg": 1.995
  },
  "mp-556516": {
    "bg": 0.79
  },
  "mp-1190": {
    "bg": 2.7
  },
  "mp-1196300": {
    "bg": 1.83
  },
  "mp-11025": {
    "bg": 1.75
  },
  "mp-1188427": {
    "bg": 0.6900000000000001
  },
  "mp-1095180": {
    "bg": 0.95
  },
  "mp-8830": {
    "bg": 1.33
  },
  "mp-29461": {
    "bg": 2.86
  },
  "mp-1202506": {
    "bg": 1.22
  },
  "mp-29529": {
    "bg": 1.19
  },
  "mp-571102": {
    "bg": 2.815
  },
  "mp-27653": {
    "bg": 4.67
  },
  "mp-1178513": {
    "bg": 3.1
  },
  "mp-1191636": {
    "bg": 2.58
  },
  "mp-22791": {
    "bg": 0.86
  },
  "mp-569128": {
    "bg": 1.1
  },
  "mp-1224851": {
    "bg": 1.38
  },
  "mp-4394": {
    "bg": 4.19
  },
  "mp-1195253": {
    "bg": 4.0
  },
  "mp-23309": {
    "bg": 5.0
  },
  "mp-561232": {
    "bg": 2.54
  },
  "mp-540957": {
    "bg": 1.47
  },
  "mp-1195344": {
    "bg": 2.16
  },
  "mp-754329": {
    "bg": 3.0
  },
  "mp-1104878": {
    "bg": 1.62
  },
  "mp-11131": {
    "bg": 2.7
  },
  "mp-866615": {
    "bg": 2.7
  },
  "mp-4408": {
    "bg": 2.9
  },
  "mp-5909": {
    "bg": 4.5
  },
  "mp-3488": {
    "bg": 3.51
  },
  "mp-561103": {
    "bg": 3.8
  },
  "mp-6457": {
    "bg": 4.66
  },
  "mp-571171": {
    "bg": 1.83
  },
  "mp-9194": {
    "bg": 2.6
  },
  "mp-19281": {
    "bg": 1.33
  },
  "mp-1009750": {
    "bg": 0.92
  },
  "mp-20731": {
    "bg": 1.45
  },
  "mp-17905": {
    "bg": 1.63
  },
  "mp-573763": {
    "bg": 3.5
  },
  "mp-17464": {
    "bg": 3.185
  },
  "mp-6798": {
    "bg": 2.45
  },
  "mp-19455": {
    "bg": 1.96
  },
  "mp-776470": {
    "bg": 0.815
  },
  "mp-1342": {
    "bg": 3.56
  },
  "mp-1191240": {
    "bg": 4.24
  },
  "mp-1196950": {
    "bg": 3.79
  },
  "mp-3285": {
    "bg": 3.3
  },
  "mp-23177": {
    "bg": 2.6
  },
  "mp-849286": {
    "bg": 4.13
  },
  "mp-570324": {
    "bg": 2.14
  },
  "mp-555587": {
    "bg": 2.59
  },
  "mp-4156": {
    "bg": 4.74
  },
  "mp-4092": {
    "bg": 4.75
  },
  "mp-1095255": {
    "bg": 1.96
  },
  "mp-17947": {
    "bg": 2.465
  },
  "mp-998552": {
    "bg": 3.0
  },
  "mp-17612": {
    "bg": 4.2605
  },
  "mp-560459": {
    "bg": 4.855
  },
  "mp-1194731": {
    "bg": 2.06
  },
  "mp-769271": {
    "bg": 4.55
  },
  "mp-1195363": {
    "bg": 2.62
  },
  "mp-567681": {
    "bg": 2.3
  },
  "mp-629458": {
    "bg": 1.7000000000000002
  },
  "mp-3175": {
    "bg": 3.55
  },
  "mp-1190528": {
    "bg": 2.6
  },
  "mp-1199265": {
    "bg": 2.79
  },
  "mp-20546": {
    "bg": 2.94
  },
  "mp-1195298": {
    "bg": 0.97
  },
  "mp-608555": {
    "bg": 2.14
  },
  "mp-1080650": {
    "bg": 2.7
  },
  "mp-1105212": {
    "bg": 2.6
  },
  "mp-18449": {
    "bg": 4.18
  },
  "mp-1219046": {
    "bg": 1.5
  },
  "mp-1195251": {
    "bg": 2.0
  },
  "mp-18664": {
    "bg": 2.385
  },
  "mp-1206662": {
    "bg": 1.04
  },
  "mp-754206": {
    "bg": 3.35
  },
  "mp-2352": {
    "bg": 1.53
  },
  "mp-559186": {
    "bg": 3.53
  },
  "mp-567504": {
    "bg": 1.09
  },
  "mp-1207082": {
    "bg": 1.875
  },
  "mp-556911": {
    "bg": 2.0
  },
  "mp-1189528": {
    "bg": 3.645
  },
  "mp-1078295": {
    "bg": 3.08
  },
  "mp-1224946": {
    "bg": 3.0
  },
  "mp-556850": {
    "bg": 1.0
  },
  "mp-1045": {
    "bg": 3.875
  },
  "mp-23804": {
    "bg": 1.875
  },
  "mp-555269": {
    "bg": 2.1125
  },
  "mp-569715": {
    "bg": 1.2
  },
  "mp-1180473": {
    "bg": 0.59
  },
  "mp-9490": {
    "bg": 1.63
  },
  "mp-24354": {
    "bg": 4.8100000000000005
  },
  "mp-560835": {
    "bg": 1.8900000000000001
  },
  "mp-684504": {
    "bg": 3.5
  },
  "mp-1203387": {
    "bg": 2.51
  },
  "mp-8484": {
    "bg": 3.6
  },
  "mp-545482": {
    "bg": 2.75
  },
  "mp-18751": {
    "bg": 2.12
  },
  "mp-1190698": {
    "bg": 2.04
  },
  "mp-552806": {
    "bg": 3.71
  },
  "mp-5038": {
    "bg": 3.305
  },
  "mp-1199451": {
    "bg": 3.75
  },
  "mp-1095289": {
    "bg": 1.57
  },
  "mp-1215701": {
    "bg": 1.05
  },
  "mp-19049": {
    "bg": 2.95
  },
  "mp-866503": {
    "bg": 2.52
  },
  "mp-28421": {
    "bg": 2.34
  },
  "mp-1195033": {
    "bg": 1.3
  },
  "mp-556541": {
    "bg": 1.8
  },
  "mp-1559": {
    "bg": 2.03
  },
  "mp-558521": {
    "bg": 4.64
  },
  "mp-13979": {
    "bg": 2.14
  },
  "mp-1228703": {
    "bg": 1.8
  },
  "mp-1224070": {
    "bg": 3.4
  },
  "mp-557373": {
    "bg": 1.74
  },
  "mp-2809": {
    "bg": 1.7
  },
  "mp-1222398": {
    "bg": 2.64
  },
  "mp-1190487": {
    "bg": 2.93
  },
  "mp-19330": {
    "bg": 3.1
  },
  "mp-1180682": {
    "bg": 1.0
  },
  "mp-1200759": {
    "bg": 3.0
  },
  "mp-14577": {
    "bg": 2.58
  },
  "mp-4988": {
    "bg": 1.3
  },
  "mp-1195788": {
    "bg": 3.3
  },
  "mp-568949": {
    "bg": 2.68
  },
  "mp-35493": {
    "bg": 3.6
  },
  "mp-1217322": {
    "bg": 1.58
  },
  "mp-21705": {
    "bg": 1.6400000000000001
  },
  "mp-1190380": {
    "bg": 2.0
  },
  "mp-758022": {
    "bg": 3.4
  },
  "mp-1634": {
    "bg": 1.5
  },
  "mp-4200": {
    "bg": 4.255000000000001
  },
  "mp-569224": {
    "bg": 2.41
  },
  "mp-574620": {
    "bg": 2.35
  },
  "mp-1204598": {
    "bg": 3.1
  },
  "mp-4975": {
    "bg": 3.6825
  },
  "mp-13872": {
    "bg": 0.97
  },
  "mp-1205352": {
    "bg": 1.735
  },
  "mp-22841": {
    "bg": 2.47
  },
  "mp-1194282": {
    "bg": 3.4
  },
  "mp-2231": {
    "bg": 1.3
  },
  "mp-552454": {
    "bg": 1.99
  },
  "mp-2718": {
    "bg": 1.82
  },