{
  "mp-1045": {
    "bg": 3.875
  },
  "mp-1056": {
    "bg": 0.95
  },
  "mp-1078217": {
    "bg": 0.88
  },
  "mp-1104469": {
    "bg": 2.13
  },
  "mp-1104938": {
    "bg": 4.84
  },
  "mp-1105187": {
    "bg": 2.2
  },
  "mp-11116": {
    "bg": 2.56
  },
  "mp-11123": {
    "bg": 2.54
  },
  "mp-11124": {
    "bg": 2.485
  },
  "mp-1115": {
    "bg": 1.2
  },
  "mp-11175": {
    "bg": 3.44
  },
  "mp-11604": {
    "bg": 2.17
  },
  "mp-1170": {
    "bg": 2.2
  },
  "mp-1186": {
    "bg": 1.7
  },
  "mp-1196139": {
    "bg": 0.6499999999999999
  },
  "mp-1196917": {
    "bg": 2.9
  },
  "mp-1201443": {
    "bg": 3.22
  },
  "mp-1206466": {
    "bg": 2.67
  },
  "mp-1210092": {
    "bg": 3.1
  },
  "mp-1213805": {
    "bg": 1.05
  },
  "mp-1214475": {
    "bg": 4.32
  },
  "mp-1216491": {
    "bg": 0.76
  },
  "mp-1220818": {
    "bg": 3.02
  },
  "mp-1222368": {
    "bg": 2.505
  },
  "mp-1224210": {
    "bg": 1.3
  },
  "mp-1224851": {
    "bg": 1.38
  },
  "mp-1232332": {
    "bg": 2.33
  },
  "mp-12365": {
    "bg": 2.95
  },
  "mp-1238815": {
    "bg": 1.795
  },
  "mp-12491": {
    "bg": 1.55
  },
  "mp-13944": {
    "bg": 4.4
  },
  "mp-13949": {
    "bg": 1.445
  },
  "mp-1559": {
    "bg": 2.03
  },
  "mp-15776": {
    "bg": 1.72
  },
  "mp-16705": {
    "bg": 3.9
  },
  "mp-1767": {
    "bg": 4.53
  },
  "mp-18337": {
    "bg": 3.8
  },
  "mp-19765": {
    "bg": 0.86
  },
  "mp-1990": {
    "bg": 1.865
  },
  "mp-20731": {
    "bg": 1.45
  },
  "mp-20790": {
    "bg": 3.12
  },
  "mp-218": {
    "bg": 3.7
  },
  "mp-22304": {
    "bg": 1.82
  },
  "mp-22443": {
    "bg": 2.0
  },
  "mp-22598": {
    "bg": 3.3
  },
  "mp-22607": {
    "bg": 2.0
  },
  "mp-22858": {
    "bg": 2.867
  },
  "mp-22893": {
    "bg": 2.28
  },
  "mp-23084": {
    "bg": 2.45
  },
  "mp-23384": {
    "bg": 4.1850000000000005
  },
  "mp-2345": {
    "bg": 4.8
  },
  "mp-23485": {
    "bg": 2.47
  },
  "mp-23709": {
    "bg": 2.9
  },
  "mp-2514": {
    "bg": 1.935
  },
  "mp-2657": {
    "bg": 3.02
  },
  "mp-27488": {
    "bg": 2.1
  },
  "mp-27544": {
    "bg": 2.67
  },
  "mp-27552": {
    "bg": 1.33
  },
  "mp-27629": {
    "bg": 2.07
  },
  "mp-27922": {
    "bg": 1.5
  },
  "mp-27998": {
    "bg": 4.1
  },
  "mp-28013": {
    "bg": 4.220000000000001
  },
  "mp-28222": {
    "bg": 2.48
  },
  "mp-28232": {
    "bg": 3.4
  },
  "mp-28306": {
    "bg": 3.76
  },
  "mp-2831941": {
    "bg": 2.52
  },
  "mp-3006": {
    "bg": 2.12
  },
  "mp-32777": {
    "bg": 2.76
  },
  "mp-3563": {
    "bg": 3.81
  },
  "mp-3887": {
    "bg": 4.275
  },
  "mp-4452": {
    "bg": 3.44
  },
  "mp-4730": {
    "bg": 1.95
  },
  "mp-4809": {
    "bg": 2.84
  },
  "mp-504554": {
    "bg": 4.0
  },
  "mp-505709": {
    "bg": 2.53
  },
  "mp-510062": {
    "bg": 2.46
  },
  "mp-5214": {
    "bg": 3.37
  },
  "mp-5350": {
    "bg": 3.4
  },
  "mp-540574": {
    "bg": 2.56
  },
  "mp-542435": {
    "bg": 2.9
  },
  "mp-547244": {
    "bg": 3.52
  },
  "mp-548469": {
    "bg": 3.9
  },
  "mp-552806": {
    "bg": 3.71
  },
  "mp-556094": {
    "bg": 1.0
  },
  "mp-556911": {
    "bg": 2.0
  },
  "mp-559736": {
    "bg": 1.97
  },
  "mp-560717": {
    "bg": 2.3
  },
  "mp-561134": {
    "bg": 1.5
  },
  "mp-565814": {
    "bg": 2.2
  },
  "mp-567259": {
    "bg": 3.4729
  },
  "mp-568949": {
    "bg": 2.68
  },
  "mp-570081": {
    "bg": 3.0
  },
  "mp-571079": {
    "bg": 2.55
  },
  "mp-574620": {
    "bg": 2.35
  },
  "mp-5795": {
    "bg": 3.25
  },
  "mp-579560": {
    "bg": 2.36
  },
  "mp-581967": {
    "bg": 3.4
  },
  "mp-5928": {
    "bg": 3.577
  },
  "mp-6325": {
    "bg": 4.28
  },
  "mp-638078": {
    "bg": 2.12
  },
  "mp-638086": {
    "bg": 2.49
  },
  "mp-665": {
    "bg": 1.2
  },
  "mp-672289": {
    "bg": 2.595
  },
  "mp-674333": {
    "bg": 2.2
  },
  "mp-7155": {
    "bg": 2.595
  },
  "mp-7212": {
    "bg": 2.374
  },
  "mp-754206": {
    "bg": 3.35
  },
  "mp-755231": {
    "bg": 2.0
  },
  "mp-757343": {
    "bg": 2.76
  },
  "mp-762": {
    "bg": 0.95
  },
  "mp-812": {
    "bg": 2.84
  },
  "mp-844": {
    "bg": 1.55
  },
  "mp-8459": {
    "bg": 2.34
  },
  "mp-856": {
    "bg": 3.6
  },
  "mp-9172": {
    "bg": 4.64
  },
  "mp-971684": {
    "bg": 2.7
  },
  "mp-985829": {
    "bg": 1.93
  },
  "mp-985831": {
    "bg": 1.13
  }
}