{
  "mp-1020633": {
    "bg": 3.827
  },
  "mp-1024073": {
    "bg": 3.325
  },
  "mp-10347": {
    "bg": 3.8
  },
  "mp-1047075": {
    "bg": 1.89
  },
  "mp-10782": {
    "bg": 2.5
  },
  "mp-10795": {
    "bg": 0.78
  },
  "mp-1080650": {
    "bg": 2.7
  },
  "mp-1095289": {
    "bg": 1.57
  },
  "mp-1096940": {
    "bg": 3.4
  },
  "mp-1102443": {
    "bg": 0.5
  },
  "mp-1103397": {
    "bg": 2.5
  },
  "mp-1105549": {
    "bg": 1.69
  },
  "mp-1105788": {
    "bg": 2.66
  },
  "mp-1105822": {
    "bg": 3.2
  },
  "mp-1106376": {
    "bg": 0.7000000000000001
  },
  "mp-1179114": {
    "bg": 1.3
  },
  "mp-1180473": {
    "bg": 0.59
  },
  "mp-1180700": {
    "bg": 1.7
  },
  "mp-1181313": {
    "bg": 4.145
  },
  "mp-1188804": {
    "bg": 3.73
  },
  "mp-1189614": {
    "bg": 3.0
  },
  "mp-1190380": {
    "bg": 2.0
  },
  "mp-1190528": {
    "bg": 2.6
  },
  "mp-1191101": {
    "bg": 3.742
  },
  "mp-1191636": {
    "bg": 2.58
  },
  "mp-1192526": {
    "bg": 3.4
  },
  "mp-1192528": {
    "bg": 1.4
  },
  "mp-1192530": {
    "bg": 4.39
  },
  "mp-1192550": {
    "bg": 3.3
  },
  "mp-1192564": {
    "bg": 1.76
  },
  "mp-1192754": {
    "bg": 2.3
  },
  "mp-1193355": {
    "bg": 2.05
  },
  "mp-1194545": {
    "bg": 2.4
  },
  "mp-1194706": {
    "bg": 3.6
  },
  "mp-1194849": {
    "bg": 4.77
  },
  "mp-1194980": {
    "bg": 3.8
  },
  "mp-1195026": {
    "bg": 4.17
  },
  "mp-1195253": {
    "bg": 4.0
  },
  "mp-1195270": {
    "bg": 2.0
  },
  "mp-1195309": {
    "bg": 1.39
  },
  "mp-1195571": {
    "bg": 4.53
  },
  "mp-1195592": {
    "bg": 0.78
  },
  "mp-1195664": {
    "bg": 2.1
  },
  "mp-1195788": {
    "bg": 3.3
  },
  "mp-1195954": {
    "bg": 1.0
  },
  "mp-1196123": {
    "bg": 0.7000000000000001
  },
  "mp-1196300": {
    "bg": 1.83
  },
  "mp-1197022": {
    "bg": 1.8
  },
  "mp-1197632": {
    "bg": 2.47
  },
  "mp-1197728": {
    "bg": 3.52
  },
  "mp-1197947": {
    "bg": 0.7000000000000001
  },
  "mp-1198078": {
    "bg": 1.41
  },
  "mp-1198248": {
    "bg": 1.5
  },
  "mp-1198419": {
    "bg": 2.43
  },
  "mp-1198687": {
    "bg": 2.01
  },
  "mp-1199946": {
    "bg": 0.93
  },
  "mp-1200210": {
    "bg": 2.13
  },
  "mp-1200759": {
    "bg": 3.0
  },
  "mp-1200917": {
    "bg": 3.39
  },
  "mp-1200935": {
    "bg": 1.66
  },
  "mp-1200969": {
    "bg": 3.64
  },
  "mp-1201906": {
    "bg": 2.38
  },
  "mp-1202506": {
    "bg": 1.22
  },
  "mp-1202829": {
    "bg": 1.43
  },
  "mp-1203387": {
    "bg": 2.51
  },
  "mp-1203584": {
    "bg": 2.14
  },
  "mp-1209072": {
    "bg": 1.84
  },
  "mp-1216625": {
    "bg": 3.145
  },
  "mp-1218758": {
    "bg": 4.6
  },
  "mp-1219458": {
    "bg": 0.5
  },
  "mp-1220879": {
    "bg": 1.48
  },
  "mp-1221125": {
    "bg": 1.21
  },
  "mp-1223443": {
    "bg": 0.86
  },
  "mp-1223584": {
    "bg": 1.21
  },
  "mp-1224": {
    "bg": 2.2
  },
  "mp-1227508": {
    "bg": 1.1
  },
  "mp-1228486": {
    "bg": 2.12
  },
  "mp-1247749": {
    "bg": 1.75
  },
  "mp-1270": {
    "bg": 2.955
  },
  "mp-13287": {
    "bg": 2.65
  },
  "mp-13313": {
    "bg": 0.79
  },
  "mp-1346": {
    "bg": 2.0
  },
  "mp-1403": {
    "bg": 3.0
  },
  "mp-1411545": {
    "bg": 0.5449999999999999
  },
  "mp-1477": {
    "bg": 1.3
  },
  "mp-15077": {
    "bg": 1.0
  },
  "mp-1509": {
    "bg": 1.175
  },
  "mp-15179": {
    "bg": 2.6
  },
  "mp-1522": {
    "bg": 0.95
  },
  "mp-160": {
    "bg": 2.0
  },
  "mp-16264": {
    "bg": 0.89
  },
  "mp-16818": {
    "bg": 2.37
  },
  "mp-17172": {
    "bg": 1.6
  },
  "mp-17481": {
    "bg": 2.8
  },
  "mp-17612": {
    "bg": 4.2605
  },
  "mp-17715": {
    "bg": 4.49
  },
  "mp-17835": {
    "bg": 1.47
  },
  "mp-17844": {
    "bg": 2.68
  },
  "mp-17904": {
    "bg": 3.0
  },
  "mp-18101": {
    "bg": 2.75
  },
  "mp-18331": {
    "bg": 3.2
  },
  "mp-18449": {
    "bg": 4.18
  },
  "mp-18531": {
    "bg": 2.26
  },
  "mp-18556": {
    "bg": 2.92
  },
  "mp-18571": {
    "bg": 2.63
  },
  "mp-18725": {
    "bg": 1.86
  },
  "mp-18997": {
    "bg": 2.0
  },
  "mp-19017": {
    "bg": 3.75
  },
  "mp-19046": {
    "bg": 1.04
  },
  "mp-19254": {
    "bg": 1.03
  },
  "mp-19281": {
    "bg": 1.33
  },
  "mp-19319": {
    "bg": 1.6
  },
  "mp-19381": {
    "bg": 2.8
  },
  "mp-19386": {
    "bg": 3.45
  },
  "mp-19785": {
    "bg": 2.07
  },
  "mp-19795": {
    "bg": 1.995
  },
  "mp-19853": {
    "bg": 1.98
  },
  "mp-19921": {
    "bg": 2.75
  },
  "mp-19935": {
    "bg": 1.69
  },
  "mp-20072": {
    "bg": 2.34
  },
  "mp-20289": {
    "bg": 2.585
  },
  "mp-20407": {
    "bg": 3.8
  },
  "mp-20489": {
    "bg": 1.78
  },
  "mp-20783": {
    "bg": 2.375
  },
  "mp-20852": {
    "bg": 3.02
  },
  "mp-2139": {
    "bg": 0.97
  },
  "mp-2160": {
    "bg": 1.2
  },
  "mp-22113": {
    "bg": 2.2
  },
  "mp-2231": {
    "bg": 1.3
  },
  "mp-22341": {
    "bg": 2.08
  },
  "mp-2242": {
    "bg": 1.69
  },
  "mp-22428": {
    "bg": 3.01
  },
  "mp-22473": {
    "bg": 2.8
  },
  "mp-22526": {
    "bg": 2.7
  },
  "mp-22566": {
    "bg": 2.4
  },
  "mp-22590": {
    "bg": 2.1
  },
  "mp-22855": {
    "bg": 4.45
  },
  "mp-22856": {
    "bg": 1.3
  },
  "mp-22881": {
    "bg": 2.31
  },
  "mp-22917": {
    "bg": 1.9835
  },
  "mp-22939": {
    "bg": 3.455
  },
  "mp-22971": {
    "bg": 2.265
  },
  "mp-22987": {
    "bg": 1.89
  },
  "mp-22996": {
    "bg": 1.662
  },
  "mp-23020": {
    "bg": 1.425
  },
  "mp-23041": {
    "bg": 1.86
  },
  "mp-23072": {
    "bg": 2.81
  },
  "mp-23074": {
    "bg": 3.93
  },
  "mp-2319": {
    "bg": 1.13
  },
  "mp-23237": {
    "bg": 3.94
  },
  "mp-23263": {
    "bg": 3.75
  },
  "mp-23290": {
    "bg": 0.5
  },
  "mp-23291": {
    "bg": 3.91
  },
  "mp-23318": {
    "bg": 1.89
  },
  "mp-23324": {
    "bg": 1.95
  },
  "mp-23352": {
    "bg": 3.25
  },
  "mp-23357": {
    "bg": 2.87
  },
  "mp-23492": {
    "bg": 3.2
  },
  "mp-23494": {
    "bg": 3.09
  },
  "mp-23514": {
    "bg": 1.56
  },
  "mp-23713": {
    "bg": 3.0
  },
  "mp-2455": {
    "bg": 0.92
  },
  "mp-2646981": {
    "bg": 1.91
  },
  "mp-27381": {
    "bg": 1.3
  },
  "mp-27449": {
    "bg": 2.96
  },
  "mp-27484": {
    "bg": 1.0
  },
  "mp-277": {
    "bg": 1.6
  },
  "mp-28077": {
    "bg": 3.98
  },
  "mp-2809": {
    "bg": 1.7
  },
  "mp-2833": {
    "bg": 0.9
  },
  "mp-28395": {
    "bg": 3.3
  },
  "mp-28752": {
    "bg": 2.47
  },
  "mp-2879": {
    "bg": 4.1
  },
  "mp-29530": {
    "bg": 2.63
  },
  "mp-29678": {
    "bg": 0.98
  },
  "mp-29862": {
    "bg": 3.45
  },
  "mp-31406": {
    "bg": 0.62
  },
  "mp-3187": {
    "bg": 2.585
  },
  "mp-3196": {
    "bg": 2.653
  },
  "mp-3378": {
    "bg": 3.9
  },
  "mp-3748": {
    "bg": 3.87
  },
  "mp-3858": {
    "bg": 4.0
  },
  "mp-4019": {
    "bg": 3.5
  },
  "mp-4056": {
    "bg": 4.45
  },
  "mp-40674": {
    "bg": 4.5
  },
  "mp-4280": {
    "bg": 3.6
  },
  "mp-438": {
    "bg": 2.65
  },
  "mp-4438": {
    "bg": 4.3
  },
  "mp-4468": {
    "bg": 1.5
  },
  "mp-4571": {
    "bg": 3.3
  },
  "mp-4636": {
    "bg": 3.3
  },
  "mp-4704": {
    "bg": 2.6
  },
  "mp-504466": {
    "bg": 2.925
  },
  "mp-510490": {
    "bg": 2.1
  },
  "mp-5175": {
    "bg": 3.9
  },
  "mp-5193": {
    "bg": 1.0
  },
  "mp-540688": {
    "bg": 3.635
  },
  "mp-540703": {
    "bg": 4.035
  },
  "mp-540771": {
    "bg": 1.83
  },
  "mp-540839": {
    "bg": 1.73
  },
  "mp-541600": {
    "bg": 3.81
  },
  "mp-542314": {
    "bg": 2.98
  },
  "mp-546011": {
    "bg": 1.1731
  },
  "mp-546790": {
    "bg": 2.31
  },
  "mp-549589": {
    "bg": 1.5
  },
  "mp-5504": {
    "bg": 4.61
  },
  "mp-552488": {
    "bg": 2.148
  },
  "mp-554336": {
    "bg": 2.02
  },
  "mp-554445": {
    "bg": 2.76
  },
  "mp-555253": {
    "bg": 2.05
  },
  "mp-556407": {
    "bg": 2.3
  },
  "mp-558323": {
    "bg": 2.57
  },
  "mp-558753": {
    "bg": 4.32
  },
  "mp-558760": {
    "bg": 1.53
  },
  "mp-559186": {
    "bg": 3.53
  },
  "mp-559474": {
    "bg": 1.9
  },
  "mp-559551": {
    "bg": 0.915
  },
  "mp-567629": {
    "bg": 2.32
  },