{
  "mp-1004532": {
    "bg": 3.78
  },
  "mp-10293": {
    "bg": 2.2
  },
  "mp-10390": {
    "bg": 4.0
  },
  "mp-1078132": {
    "bg": 0.7000000000000001
  },
  "mp-1078295": {
    "bg": 3.08
  },
  "mp-1078405": {
    "bg": 1.75
  },
  "mp-1078667": {
    "bg": 1.51
  },
  "mp-1080060": {
    "bg": 5.0
  },
  "mp-1095296": {
    "bg": 1.43
  },
  "mp-10973": {
    "bg": 1.72
  },
  "mp-11019": {
    "bg": 1.47
  },
  "mp-11020": {
    "bg": 2.2
  },
  "mp-11022": {
    "bg": 3.8
  },
  "mp-1103709": {
    "bg": 3.35
  },
  "mp-1103802": {
    "bg": 4.24
  },
  "mp-1103970": {
    "bg": 1.5
  },
  "mp-1104411": {
    "bg": 3.26
  },
  "mp-1104878": {
    "bg": 1.62
  },
  "mp-1105235": {
    "bg": 3.76
  },
  "mp-1105419": {
    "bg": 2.8
  },
  "mp-1105692": {
    "bg": 1.57
  },
  "mp-1120792": {
    "bg": 2.1
  },
  "mp-1172870": {
    "bg": 2.43
  },
  "mp-1178513": {
    "bg": 3.1
  },
  "mp-1178577": {
    "bg": 2.44
  },
  "mp-1188364": {
    "bg": 2.05
  },
  "mp-1188427": {
    "bg": 0.6900000000000001
  },
  "mp-1190100": {
    "bg": 0.9
  },
  "mp-1190216": {
    "bg": 3.68
  },
  "mp-1190364": {
    "bg": 2.14
  },
  "mp-1190401": {
    "bg": 2.2
  },
  "mp-1190524": {
    "bg": 1.74
  },
  "mp-1190588": {
    "bg": 4.59
  },
  "mp-1191111": {
    "bg": 3.44
  },
  "mp-1191976": {
    "bg": 3.4
  },
  "mp-1192395": {
    "bg": 2.8
  },
  "mp-1194282": {
    "bg": 3.4
  },
  "mp-1194412": {
    "bg": 3.73
  },
  "mp-1194705": {
    "bg": 1.9
  },
  "mp-1194853": {
    "bg": 2.3
  },
  "mp-1195277": {
    "bg": 3.1
  },
  "mp-1195350": {
    "bg": 1.81
  },
  "mp-1195582": {
    "bg": 2.3
  },
  "mp-1195624": {
    "bg": 2.4
  },
  "mp-1196712": {
    "bg": 2.58
  },
  "mp-1196984": {
    "bg": 2.38
  },
  "mp-1197285": {
    "bg": 4.2
  },
  "mp-1198591": {
    "bg": 2.96
  },
  "mp-1198962": {
    "bg": 3.3
  },
  "mp-1199065": {
    "bg": 2.23
  },
  "mp-1199265": {
    "bg": 2.79
  },
  "mp-1199284": {
    "bg": 2.41
  },
  "mp-1199482": {
    "bg": 1.33
  },
  "mp-1199743": {
    "bg": 2.16
  },
  "mp-1200720": {
    "bg": 2.81
  },
  "mp-1200744": {
    "bg": 4.76
  },
  "mp-1201213": {
    "bg": 4.76
  },
  "mp-1201413": {
    "bg": 2.62
  },
  "mp-1201691": {
    "bg": 3.2
  },
  "mp-1202576": {
    "bg": 2.44
  },
  "mp-1203404": {
    "bg": 3.06
  },
  "mp-1205018": {
    "bg": 3.97
  },
  "mp-1205352": {
    "bg": 1.735
  },
  "mp-1205353": {
    "bg": 3.04
  },
  "mp-1206068": {
    "bg": 1.5
  },
  "mp-1207473": {
    "bg": 3.8
  },
  "mp-1211873": {
    "bg": 1.61
  },
  "mp-1216202": {
    "bg": 0.88
  },
  "mp-1216225": {
    "bg": 0.72
  },
  "mp-1223253": {
    "bg": 1.133
  },
  "mp-1225854": {
    "bg": 3.525
  },
  "mp-1225993": {
    "bg": 1.21
  },
  "mp-1226384": {
    "bg": 1.62
  },
  "mp-1229044": {
    "bg": 2.56
  },
  "mp-12535": {
    "bg": 3.0
  },
  "mp-1271821": {
    "bg": 1.82
  },
  "mp-1274279": {
    "bg": 2.0
  },
  "mp-1274308": {
    "bg": 2.38
  },
  "mp-1288145": {
    "bg": 2.1
  },
  "mp-13312": {
    "bg": 1.51
  },
  "mp-13548": {
    "bg": 1.5
  },
  "mp-14591": {
    "bg": 1.36
  },
  "mp-15147": {
    "bg": 1.82
  },
  "mp-15219": {
    "bg": 1.85
  },
  "mp-15221": {
    "bg": 2.64
  },
  "mp-15222": {
    "bg": 2.19
  },
  "mp-15223": {
    "bg": 2.19
  },
  "mp-1542940": {
    "bg": 1.3
  },
  "mp-15998": {
    "bg": 1.45
  },
  "mp-1602": {
    "bg": 2.95
  },
  "mp-16179": {
    "bg": 1.795
  },
  "mp-1634": {
    "bg": 1.5
  },
  "mp-17254": {
    "bg": 1.88
  },
  "mp-17272": {
    "bg": 2.0
  },
  "mp-17360": {
    "bg": 3.84
  },
  "mp-17464": {
    "bg": 3.185
  },
  "mp-17792": {
    "bg": 2.64
  },
  "mp-18006": {
    "bg": 2.08
  },
  "mp-1821": {
    "bg": 1.565
  },
  "mp-1863": {
    "bg": 1.525
  },
  "mp-1880": {
    "bg": 4.3
  },
  "mp-18855": {
    "bg": 3.6
  },
  "mp-18966": {
    "bg": 1.7000000000000002
  },
  "mp-18988": {
    "bg": 1.89
  },
  "mp-19001": {
    "bg": 1.2
  },
  "mp-19083": {
    "bg": 2.495
  },
  "mp-19142": {
    "bg": 1.8
  },
  "mp-19260": {
    "bg": 4.175
  },
  "mp-1943": {
    "bg": 2.103
  },
  "mp-209": {
    "bg": 1.66
  },
  "mp-21705": {
    "bg": 1.64
  },
  "mp-21713": {
    "bg": 1.6800000000000002
  },
  "mp-21735": {
    "bg": 1.765
  },
  "mp-21766": {
    "bg": 2.63
  },
  "mp-21943": {
    "bg": 3.06
  },
  "mp-224": {
    "bg": 1.8
  },
  "mp-2247": {
    "bg": 3.67
  },
  "mp-22849": {
    "bg": 1.8
  },
  "mp-22950": {
    "bg": 4.8
  },
  "mp-23018": {
    "bg": 2.85
  },
  "mp-23029": {
    "bg": 2.0
  },
  "mp-23054": {
    "bg": 2.45
  },
  "mp-23127": {
    "bg": 3.0
  },
  "mp-23218": {
    "bg": 2.415
  },
  "mp-23281": {
    "bg": 2.3550000000000004
  },
  "mp-23309": {
    "bg": 5.0
  },
  "mp-23506": {
    "bg": 2.49
  },
  "mp-2490654": {
    "bg": 1.93
  },
  "mp-2507": {
    "bg": 2.5
  },
  "mp-2583419": {
    "bg": 1.99
  },
  "mp-2659": {
    "bg": 3.4
  },
  "mp-27194": {
    "bg": 2.4
  },
  "mp-27624": {
    "bg": 2.56
  },
  "mp-27678": {
    "bg": 1.14
  },
  "mp-27716": {
    "bg": 1.46
  },
  "mp-27726": {
    "bg": 1.8695
  },
  "mp-27770": {
    "bg": 1.18
  },
  "mp-27871": {
    "bg": 1.76
  },
  "mp-28051": {
    "bg": 1.53
  },
  "mp-2815": {
    "bg": 2.88
  },
  "mp-2843": {
    "bg": 1.3
  },
  "mp-28572": {
    "bg": 1.0
  },
  "mp-28800": {
    "bg": 0.53
  },
  "mp-28911": {
    "bg": 3.44
  },
  "mp-2918": {
    "bg": 3.5
  },
  "mp-2931": {
    "bg": 3.3
  },
  "mp-29711": {
    "bg": 0.68
  },
  "mp-29751": {
    "bg": 1.7
  },
  "mp-2980": {
    "bg": 3.65
  },
  "mp-29901": {
    "bg": 2.3
  },
  "mp-30311": {
    "bg": 3.13
  },
  "mp-31309": {
    "bg": 2.0
  },
  "mp-32533": {
    "bg": 2.95
  },
  "mp-3342": {
    "bg": 2.6
  },
  "mp-35493": {
    "bg": 3.6
  },
  "mp-35909": {
    "bg": 1.77
  },
  "mp-361": {
    "bg": 2.1
  },
  "mp-3642": {
    "bg": 3.3
  },
  "mp-3742": {
    "bg": 1.86
  },
  "mp-3744": {
    "bg": 1.5
  },
  "mp-3771": {
    "bg": 3.7
  },
  "mp-3789": {
    "bg": 4.955
  },
  "mp-3922": {
    "bg": 1.45
  },
  "mp-3924": {
    "bg": 3.16
  },
  "mp-401": {
    "bg": 2.0
  },
  "mp-4016": {
    "bg": 2.925
  },
  "mp-4156": {
    "bg": 4.74
  },
  "mp-4287": {
    "bg": 4.7
  },
  "mp-4770": {
    "bg": 1.6
  },
  "mp-4975": {
    "bg": 3.6825
  },
  "mp-5038": {
    "bg": 3.305
  },
  "mp-505212": {
    "bg": 2.35
  },
  "mp-505412": {
    "bg": 3.0
  },
  "mp-505526": {
    "bg": 2.725
  },
  "mp-505700": {
    "bg": 2.68
  },
  "mp-510421": {
    "bg": 1.4
  },
  "mp-5280": {
    "bg": 4.43
  },
  "mp-5387": {
    "bg": 4.3
  },
  "mp-541155": {
    "bg": 1.0
  },
  "mp-5414": {
    "bg": 1.71
  },
  "mp-541404": {
    "bg": 0.7
  },
  "mp-541407": {
    "bg": 1.44
  },
  "mp-542067": {
    "bg": 1.59
  },
  "mp-542812": {
    "bg": 1.685
  },
  "mp-5449": {
    "bg": 3.18
  },
  "mp-547792": {
    "bg": 4.76
  },
  "mp-550514": {
    "bg": 1.9
  },
  "mp-554293": {
    "bg": 2.0
  },
  "mp-554408": {
    "bg": 2.04
  },
  "mp-554930": {
    "bg": 1.78
  },
  "mp-555425": {
    "bg": 2.17
  },
  "mp-556440": {
    "bg": 4.3
  },
  "mp-556541": {
    "bg": 1.8
  },
  "mp-556980": {
    "bg": 2.49
  },
  "mp-557436": {
    "bg": 1.72
  },
  "mp-557543": {
    "bg": 5.0
  },
  "mp-557920": {
    "bg": 3.43
  },
  "mp-558751": {
    "bg": 3.08
  },
  "mp-559093": {
    "bg": 1.8
  },
  "mp-559459": {
    "bg": 3.4
  },
  "mp-559521": {
    "bg": 1.5
  },
  "mp-559703": {
    "bg": 3.81
  },
  "mp-559864": {
    "bg": 1.8
  },
  "mp-560118": {
    "bg": 3.82
  },
  "mp-560964": {
    "bg": 2.2
  },
  "mp-561132": {
    "bg": 2.85
  },
  "mp-561536": {
    "bg": 2.916
  },
  "mp-561620": {
    "bg": 2.0835
  },
  "mp-562065": {
    "bg": 2.46
  },
  "mp-5625": {
    "bg": 3.8
  },
  "mp-567386": {
    "bg": 2.48
  },
  "mp-567504": {
    "bg": 1.09
  },
  "mp-567556": {
    "bg": 1.4
  },
  "mp-567968": {
    "bg": 0.73
  },
  "mp-568394": {
    "bg": 0.56
  },
  "mp-569126": {
    "bg": 1.4
  },
  "mp-569128": {
    "bg": 1.1
  },