{
  "mp-1002164": {
    "bg": 2.09
  },
  "mp-10044": {
    "bg": 1.39
  },
  "mp-1009750": {
    "bg": 0.92
  },
  "mp-1009820": {
    "bg": 2.1
  },
  "mp-10182": {
    "bg": 2.04
  },
  "mp-1019967": {
    "bg": 3.915
  },
  "mp-1057015": {
    "bg": 0.7
  },
  "mp-1180682": {
    "bg": 1.0
  },
  "mp-1190": {
    "bg": 2.7
  },
  "mp-1191240": {
    "bg": 4.24
  },
  "mp-1192032": {
    "bg": 4.82
  },
  "mp-1194701": {
    "bg": 2.12
  },
  "mp-1194749": {
    "bg": 2.31
  },
  "mp-1195072": {
    "bg": 1.71
  },
  "mp-1195448": {
    "bg": 4.68
  },
  "mp-1195633": {
    "bg": 1.92
  },
  "mp-1195667": {
    "bg": 2.04
  },
  "mp-1197024": {
    "bg": 2.54
  },
  "mp-1204356": {
    "bg": 2.5
  },
  "mp-1204764": {
    "bg": 3.3
  },
  "mp-1207082": {
    "bg": 1.875
  },
  "mp-1213120": {
    "bg": 1.92
  },
  "mp-1216778": {
    "bg": 1.12
  },
  "mp-1219182": {
    "bg": 0.51
  },
  "mp-1223642": {
    "bg": 1.84
  },
  "mp-1223975": {
    "bg": 3.25
  },
  "mp-1224070": {
    "bg": 3.4
  },
  "mp-1224229": {
    "bg": 3.1500000000000004
  },
  "mp-1225654": {
    "bg": 3.306
  },
  "mp-1227335": {
    "bg": 0.92
  },
  "mp-1228123": {
    "bg": 2.2
  },
  "mp-1228150": {
    "bg": 4.1
  },
  "mp-12558": {
    "bg": 1.25
  },
  "mp-12903": {
    "bg": 1.36
  },
  "mp-13033": {
    "bg": 2.3
  },
  "mp-13334": {
    "bg": 3.05
  },
  "mp-1434": {
    "bg": 1.78
  },
  "mp-1479": {
    "bg": 4.2
  },
  "mp-1541": {
    "bg": 2.725
  },
  "mp-1550": {
    "bg": 2.48
  },
  "mp-15900": {
    "bg": 2.4
  },
  "mp-17691": {
    "bg": 1.87
  },
  "mp-20282": {
    "bg": 2.55
  },
  "mp-2172": {
    "bg": 2.2
  },
  "mp-2176": {
    "bg": 2.26
  },
  "mp-22408": {
    "bg": 2.45
  },
  "mp-22691": {
    "bg": 1.39
  },
  "mp-22859": {
    "bg": 3.0
  },
  "mp-22885": {
    "bg": 3.035
  },
  "mp-22895": {
    "bg": 3.118
  },
  "mp-22914": {
    "bg": 3.17
  },
  "mp-22925": {
    "bg": 2.22
  },
  "mp-22988": {
    "bg": 1.835
  },
  "mp-23177": {
    "bg": 2.6
  },
  "mp-23317": {
    "bg": 2.6
  },
  "mp-23380": {
    "bg": 2.4850000000000003
  },
  "mp-23484": {
    "bg": 2.04
  },
  "mp-23501": {
    "bg": 2.2
  },
  "mp-23956": {
    "bg": 3.46
  },
  "mp-24022": {
    "bg": 4.84
  },
  "mp-24354": {
    "bg": 4.8100000000000005
  },
  "mp-2469": {
    "bg": 2.14
  },
  "mp-2490": {
    "bg": 2.26
  },
  "mp-252": {
    "bg": 2.895
  },
  "mp-2624": {
    "bg": 1.62
  },
  "mp-2691": {
    "bg": 1.72
  },
  "mp-27451": {
    "bg": 3.2
  },
  "mp-27767": {
    "bg": 4.94
  },
  "mp-27936": {
    "bg": 0.6
  },
  "mp-28240": {
    "bg": 3.35
  },
  "mp-28377": {
    "bg": 1.6
  },
  "mp-28453": {
    "bg": 1.31
  },
  "mp-29806": {
    "bg": 1.4
  },
  "mp-31307": {
    "bg": 1.8
  },
  "mp-3307": {
    "bg": 3.2725
  },
  "mp-3349": {
    "bg": 3.2
  },
  "mp-35308": {
    "bg": 3.26
  },
  "mp-36111": {
    "bg": 2.43
  },
  "mp-3666": {
    "bg": 4.4
  },
  "mp-3731": {
    "bg": 3.875
  },
  "mp-37906": {
    "bg": 3.45
  },
  "mp-406": {
    "bg": 1.5
  },
  "mp-422": {
    "bg": 4.17
  },
  "mp-4431": {
    "bg": 2.133
  },
  "mp-4514": {
    "bg": 3.265
  },
  "mp-4515": {
    "bg": 1.93
  },
  "mp-4547": {
    "bg": 2.5
  },
  "mp-552185": {
    "bg": 1.86
  },
  "mp-5532": {
    "bg": 2.56
  },
  "mp-555560": {
    "bg": 3.25
  },
  "mp-556516": {
    "bg": 0.79
  },
  "mp-558521": {
    "bg": 4.64
  },
  "mp-560086": {
    "bg": 2.62
  },
  "mp-569548": {
    "bg": 1.6
  },
  "mp-569702": {
    "bg": 2.08
  },
  "mp-571164": {
    "bg": 1.8
  },
  "mp-571195": {
    "bg": 2.26
  },
  "mp-5967": {
    "bg": 1.0
  },
  "mp-5999": {
    "bg": 2.8
  },
  "mp-607291": {
    "bg": 1.42
  },
  "mp-612740": {
    "bg": 1.3250000000000002
  },
  "mp-628185": {
    "bg": 2.2
  },
  "mp-6296": {
    "bg": 2.33
  },
  "mp-634101": {
    "bg": 2.565
  },
  "mp-634859": {
    "bg": 3.08
  },
  "mp-6548": {
    "bg": 3.05
  },
  "mp-6564": {
    "bg": 3.75
  },
  "mp-669410": {
    "bg": 2.0
  },
  "mp-7375": {
    "bg": 3.24
  },
  "mp-7440": {
    "bg": 2.0340000000000003
  },
  "mp-757031": {
    "bg": 3.55
  },
  "mp-7575": {
    "bg": 1.945
  },
  "mp-758562": {
    "bg": 2.9
  },
  "mp-7684": {
    "bg": 1.3
  },
  "mp-8062": {
    "bg": 2.4161
  },
  "mp-830": {
    "bg": 3.3
  },
  "mp-8377": {
    "bg": 3.7
  },
  "mp-8818": {
    "bg": 1.7
  },
  "mp-9124": {
    "bg": 1.61
  },
  "mp-9437": {
    "bg": 0.53
  },
  "mp-985591": {
    "bg": 2.12
  },
  "mp-985592": {
    "bg": 3.1
  },
  "mp-989524": {
    "bg": 1.5405
  },
  "mp-997618": {
    "bg": 2.6
  },
  "mp-998611": {
    "bg": 0.94
  }
}