{
  "mp-1019529": {
    "bg": 3.1
  },
  "mp-1045": {
    "bg": 3.875
  },
  "mp-1057015": {
    "bg": 0.7
  },
  "mp-1095289": {
    "bg": 1.57
  },
  "mp-1095618": {
    "bg": 1.06
  },
  "mp-1096940": {
    "bg": 3.4
  },
  "mp-1102395": {
    "bg": 0.9
  },
  "mp-1102534": {
    "bg": 1.4
  },
  "mp-1104411": {
    "bg": 3.26
  },
  "mp-1105127": {
    "bg": 0.53
  },
  "mp-1106218": {
    "bg": 3.47
  },
  "mp-11124": {
    "bg": 2.485
  },
  "mp-11131": {
    "bg": 2.7
  },
  "mp-1153": {
    "bg": 3.3595
  },
  "mp-11582": {
    "bg": 3.34
  },
  "mp-11604": {
    "bg": 2.17
  },
  "mp-1173567": {
    "bg": 3.6685
  },
  "mp-1179114": {
    "bg": 1.3
  },
  "mp-11793": {
    "bg": 2.1
  },
  "mp-1180019": {
    "bg": 1.45
  },
  "mp-1180473": {
    "bg": 0.59
  },
  "mp-1190100": {
    "bg": 0.9
  },
  "mp-1190141": {
    "bg": 2.03
  },
  "mp-1190216": {
    "bg": 3.68
  },
  "mp-1190698": {
    "bg": 2.04
  },
  "mp-1191072": {
    "bg": 2.73
  },
  "mp-1191266": {
    "bg": 3.0700000000000003
  },
  "mp-1191962": {
    "bg": 4.3
  },
  "mp-1192358": {
    "bg": 3.64
  },
  "mp-1192395": {
    "bg": 2.8
  },
  "mp-1192526": {
    "bg": 3.4
  },
  "mp-1192528": {
    "bg": 1.4
  },
  "mp-1192531": {
    "bg": 1.53
  },
  "mp-1194540": {
    "bg": 2.33
  },
  "mp-1194731": {
    "bg": 2.06
  },
  "mp-1194980": {
    "bg": 3.8
  },
  "mp-1196123": {
    "bg": 0.7000000000000001
  },
  "mp-1196151": {
    "bg": 2.54
  },
  "mp-1197022": {
    "bg": 1.8
  },
  "mp-1198404": {
    "bg": 1.31
  },
  "mp-1198419": {
    "bg": 2.43
  },
  "mp-1198818": {
    "bg": 3.7
  },
  "mp-1200193": {
    "bg": 3.15
  },
  "mp-1200935": {
    "bg": 1.66
  },
  "mp-1201027": {
    "bg": 2.9
  },
  "mp-1201443": {
    "bg": 3.22
  },
  "mp-1202389": {
    "bg": 3.58
  },
  "mp-1203404": {
    "bg": 3.06
  },
  "mp-1204356": {
    "bg": 2.5
  },
  "mp-1204764": {
    "bg": 3.3
  },
  "mp-1212633": {
    "bg": 3.3
  },
  "mp-1218587": {
    "bg": 4.0
  },
  "mp-1219447": {
    "bg": 2.48
  },
  "mp-1219458": {
    "bg": 0.5
  },
  "mp-1221125": {
    "bg": 1.21
  },
  "mp-1222376": {
    "bg": 3.1
  },
  "mp-1222398": {
    "bg": 2.64
  },
  "mp-1225854": {
    "bg": 3.525
  },
  "mp-1225993": {
    "bg": 1.21
  },
  "mp-1227335": {
    "bg": 0.92
  },
  "mp-1228150": {
    "bg": 4.1
  },
  "mp-12306": {
    "bg": 2.3
  },
  "mp-1246515": {
    "bg": 2.5
  },
  "mp-12903": {
    "bg": 1.36
  },
  "mp-13282": {
    "bg": 2.0
  },
  "mp-1403": {
    "bg": 3.0
  },
  "mp-14091": {
    "bg": 2.5
  },
  "mp-1423059": {
    "bg": 2.87
  },
  "mp-15645": {
    "bg": 1.315
  },
  "mp-15649": {
    "bg": 1.0
  },
  "mp-17761": {
    "bg": 2.03
  },
  "mp-17792": {
    "bg": 2.64
  },
  "mp-17803": {
    "bg": 1.8
  },
  "mp-18344": {
    "bg": 1.26
  },
  "mp-18571": {
    "bg": 2.63
  },
  "mp-19146": {
    "bg": 2.25
  },
  "mp-1943": {
    "bg": 2.103
  },
  "mp-20072": {
    "bg": 2.34
  },
  "mp-2030": {
    "bg": 1.55
  },
  "mp-20783": {
    "bg": 2.375
  },
  "mp-21723": {
    "bg": 0.9
  },
  "mp-21766": {
    "bg": 2.63
  },
  "mp-22232": {
    "bg": 1.295
  },
  "mp-22443": {
    "bg": 2.0
  },
  "mp-22791": {
    "bg": 0.86
  },
  "mp-22917": {
    "bg": 1.9835
  },
  "mp-22939": {
    "bg": 3.455
  },
  "mp-22971": {
    "bg": 2.265
  },
  "mp-23167": {
    "bg": 3.225
  },
  "mp-23182": {
    "bg": 2.38
  },
  "mp-23237": {
    "bg": 3.94
  },
  "mp-23262": {
    "bg": 2.8
  },
  "mp-23281": {
    "bg": 2.3550000000000004
  },
  "mp-23292": {
    "bg": 3.59
  },
  "mp-23484": {
    "bg": 2.04
  },
  "mp-23737": {
    "bg": 2.59
  },
  "mp-2758": {
    "bg": 4.42
  },
  "mp-27688": {
    "bg": 1.38
  },
  "mp-27998": {
    "bg": 4.1
  },
  "mp-28013": {
    "bg": 4.220000000000001
  },
  "mp-2833": {
    "bg": 0.9
  },
  "mp-28377": {
    "bg": 1.6
  },
  "mp-28421": {
    "bg": 2.34
  },
  "mp-28914": {
    "bg": 2.19
  },
  "mp-29502": {
    "bg": 2.5
  },
  "mp-2980": {
    "bg": 3.65
  },
  "mp-31909": {
    "bg": 1.89
  },
  "mp-32777": {
    "bg": 2.76
  },
  "mp-3378": {
    "bg": 3.9
  },
  "mp-35308": {
    "bg": 3.26
  },
  "mp-35493": {
    "bg": 3.6
  },
  "mp-3563": {
    "bg": 3.81
  },
  "mp-3924": {
    "bg": 3.16
  },
  "mp-4016": {
    "bg": 2.925
  },
  "mp-4043": {
    "bg": 2.45
  },
  "mp-4175": {
    "bg": 1.3199999999999998
  },
  "mp-4394": {
    "bg": 4.19
  },
  "mp-4704": {
    "bg": 2.6
  },
  "mp-5045": {
    "bg": 2.23
  },
  "mp-505212": {
    "bg": 2.35
  },
  "mp-505373": {
    "bg": 1.76
  },
  "mp-5238": {
    "bg": 2.39
  },
  "mp-540771": {
    "bg": 1.83
  },
  "mp-540957": {
    "bg": 1.47
  },
  "mp-541404": {
    "bg": 0.7
  },
  "mp-541582": {
    "bg": 1.18
  },
  "mp-542810": {
    "bg": 2.4
  },
  "mp-5537": {
    "bg": 2.78
  },
  "mp-554930": {
    "bg": 1.78
  },
  "mp-556070": {
    "bg": 3.376
  },
  "mp-556225": {
    "bg": 1.09
  },
  "mp-556434": {
    "bg": 1.7000000000000002
  },
  "mp-556850": {
    "bg": 1.0
  },
  "mp-557121": {
    "bg": 2.75
  },
  "mp-557441": {
    "bg": 2.52
  },
  "mp-558751": {
    "bg": 3.08
  },
  "mp-559200": {
    "bg": 2.05
  },
  "mp-559240": {
    "bg": 3.0
  },
  "mp-559251": {
    "bg": 1.35
  },
  "mp-560118": {
    "bg": 3.82
  },
  "mp-560216": {
    "bg": 3.888
  },
  "mp-560459": {
    "bg": 4.855
  },
  "mp-561533": {
    "bg": 3.0
  },
  "mp-568545": {
    "bg": 2.17
  },
  "mp-569766": {
    "bg": 1.1
  },
  "mp-570081": {
    "bg": 3.0
  },
  "mp-570485": {
    "bg": 0.63
  },
  "mp-570887": {
    "bg": 1.8
  },
  "mp-571169": {
    "bg": 1.21
  },
  "mp-579560": {
    "bg": 2.36
  },
  "mp-581024": {
    "bg": 1.62
  },
  "mp-6325": {
    "bg": 4.28
  },
  "mp-641": {
    "bg": 2.6
  },
  "mp-644203": {
    "bg": 3.17
  },
  "mp-6565": {
    "bg": 4.681
  },
  "mp-665": {
    "bg": 1.2
  },
  "mp-691119": {
    "bg": 2.91
  },
  "mp-7060": {
    "bg": 1.7000000000000002
  },
  "mp-757031": {
    "bg": 3.55
  },
  "mp-758562": {
    "bg": 2.9
  },
  "mp-7841": {
    "bg": 3.16
  },
  "mp-7988": {
    "bg": 2.74
  },
  "mp-8258": {
    "bg": 3.9
  },
  "mp-849286": {
    "bg": 4.13
  },
  "mp-856": {
    "bg": 3.6
  },
  "mp-913": {
    "bg": 0.81
  },
  "mp-9509": {
    "bg": 2.63
  },
  "mp-9812": {
    "bg": 3.34
  },
  "mp-995234": {
    "bg": 3.26
  },
  "mp-999289": {
    "bg": 1.18
  }
}