{
  "mp-1018040": {
    "bg": 4.1
  },
  "mp-10293": {
    "bg": 2.2
  },
  "mp-10390": {
    "bg": 4.0
  },
  "mp-1048391": {
    "bg": 2.18
  },
  "mp-1080650": {
    "bg": 2.7
  },
  "mp-1096942": {
    "bg": 1.07
  },
  "mp-1102833": {
    "bg": 1.2
  },
  "mp-1103351": {
    "bg": 2.85
  },
  "mp-1103397": {
    "bg": 2.5
  },
  "mp-1103802": {
    "bg": 4.24
  },
  "mp-1104293": {
    "bg": 1.8
  },
  "mp-1104707": {
    "bg": 2.06
  },
  "mp-1104878": {
    "bg": 1.62
  },
  "mp-1105788": {
    "bg": 2.66
  },
  "mp-1106376": {
    "bg": 0.7000000000000001
  },
  "mp-1112501": {
    "bg": 1.37
  },
  "mp-1112887": {
    "bg": 1.0
  },
  "mp-1176656": {
    "bg": 1.43
  },
  "mp-1188392": {
    "bg": 3.57
  },
  "mp-1189242": {
    "bg": 2.81
  },
  "mp-1190524": {
    "bg": 1.74
  },
  "mp-1190564": {
    "bg": 4.05
  },
  "mp-1191101": {
    "bg": 3.742
  },
  "mp-1192595": {
    "bg": 1.735
  },
  "mp-1194545": {
    "bg": 2.4
  },
  "mp-1194576": {
    "bg": 2.48
  },
  "mp-1195026": {
    "bg": 4.17
  },
  "mp-1195033": {
    "bg": 1.3
  },
  "mp-1195072": {
    "bg": 1.71
  },
  "mp-1195291": {
    "bg": 1.6
  },
  "mp-1195344": {
    "bg": 2.16
  },
  "mp-1195433": {
    "bg": 2.0
  },
  "mp-1195664": {
    "bg": 2.1
  },
  "mp-1195954": {
    "bg": 1.0
  },
  "mp-1196607": {
    "bg": 3.7
  },
  "mp-1197285": {
    "bg": 4.2
  },
  "mp-1200447": {
    "bg": 1.9
  },
  "mp-1200554": {
    "bg": 4.06
  },
  "mp-1200720": {
    "bg": 2.81
  },
  "mp-1200791": {
    "bg": 4.22
  },
  "mp-1201213": {
    "bg": 4.76
  },
  "mp-1201497": {
    "bg": 1.73
  },
  "mp-1201687": {
    "bg": 3.49
  },
  "mp-1202576": {
    "bg": 2.44
  },
  "mp-1205352": {
    "bg": 1.735
  },
  "mp-1205823": {
    "bg": 4.19
  },
  "mp-1209424": {
    "bg": 2.8
  },
  "mp-1210092": {
    "bg": 3.1
  },
  "mp-1220785": {
    "bg": 3.28
  },
  "mp-1224070": {
    "bg": 3.4
  },
  "mp-1228703": {
    "bg": 1.8
  },
  "mp-1232659": {
    "bg": 3.75
  },
  "mp-12365": {
    "bg": 2.95
  },
  "mp-1245025": {
    "bg": 4.89
  },
  "mp-1250007": {
    "bg": 1.74
  },
  "mp-12558": {
    "bg": 1.25
  },
  "mp-1266": {
    "bg": 2.0
  },
  "mp-1271821": {
    "bg": 1.82
  },
  "mp-1411545": {
    "bg": 0.5449999999999999
  },
  "mp-14577": {
    "bg": 2.58
  },
  "mp-14591": {
    "bg": 1.36
  },
  "mp-1509": {
    "bg": 1.175
  },
  "mp-1519": {
    "bg": 4.0
  },
  "mp-160": {
    "bg": 2.0
  },
  "mp-1634": {
    "bg": 1.5
  },
  "mp-1672": {
    "bg": 4.465
  },
  "mp-17756": {
    "bg": 2.3
  },
  "mp-18331": {
    "bg": 3.2
  },
  "mp-1863": {
    "bg": 1.525
  },
  "mp-18855": {
    "bg": 3.6
  },
  "mp-18997": {
    "bg": 2.0
  },
  "mp-19080": {
    "bg": 1.24
  },
  "mp-19133": {
    "bg": 3.6
  },
  "mp-19323": {
    "bg": 2.28
  },
  "mp-19407": {
    "bg": 2.69
  },
  "mp-19921": {
    "bg": 2.75
  },
  "mp-19935": {
    "bg": 1.69
  },
  "mp-20289": {
    "bg": 2.585
  },
  "mp-20731": {
    "bg": 1.45
  },
  "mp-20790": {
    "bg": 3.12
  },
  "mp-20944": {
    "bg": 1.75
  },
  "mp-21179": {
    "bg": 2.9
  },
  "mp-2133": {
    "bg": 3.33
  },
  "mp-21459": {
    "bg": 1.91
  },
  "mp-218": {
    "bg": 3.7
  },
  "mp-2222834": {
    "bg": 2.36
  },
  "mp-22323": {
    "bg": 3.02
  },
  "mp-224": {
    "bg": 1.8
  },
  "mp-22526": {
    "bg": 2.7
  },
  "mp-22894": {
    "bg": 2.63
  },
  "mp-22965": {
    "bg": 0.5449999999999999
  },
  "mp-22996": {
    "bg": 1.662
  },
  "mp-23018": {
    "bg": 2.85
  },
  "mp-2319": {
    "bg": 1.13
  },
  "mp-23218": {
    "bg": 2.415
  },
  "mp-23317": {
    "bg": 2.6
  },
  "mp-23380": {
    "bg": 2.4850000000000003
  },
  "mp-23703": {
    "bg": 2.76
  },
  "mp-23704": {
    "bg": 4.8
  },
  "mp-23709": {
    "bg": 2.9
  },
  "mp-24022": {
    "bg": 4.84
  },
  "mp-2624": {
    "bg": 1.62
  },
  "mp-27451": {
    "bg": 3.2
  },
  "mp-27678": {
    "bg": 1.14
  },
  "mp-27828": {
    "bg": 2.54
  },
  "mp-2784": {
    "bg": 2.15
  },
  "mp-27904": {
    "bg": 0.8
  },
  "mp-29678": {
    "bg": 0.98
  },
  "mp-29901": {
    "bg": 2.3
  },
  "mp-3175": {
    "bg": 3.55
  },
  "mp-3196": {
    "bg": 2.653
  },
  "mp-32533": {
    "bg": 2.95
  },
  "mp-32594": {
    "bg": 2.3
  },
  "mp-32798": {
    "bg": 1.97
  },
  "mp-3368": {
    "bg": 3.9
  },
  "mp-3439": {
    "bg": 4.385
  },
  "mp-36100": {
    "bg": 2.05
  },
  "mp-37108": {
    "bg": 2.45
  },
  "mp-3742": {
    "bg": 1.86
  },
  "mp-38970": {
    "bg": 1.65
  },
  "mp-4287": {
    "bg": 4.7
  },
  "mp-4468": {
    "bg": 1.5
  },
  "mp-4524": {
    "bg": 2.06
  },
  "mp-473": {
    "bg": 0.77
  },
  "mp-4809": {
    "bg": 2.84
  },
  "mp-4816": {
    "bg": 2.5
  },
  "mp-510458": {
    "bg": 0.68
  },
  "mp-5175": {
    "bg": 3.9
  },
  "mp-5229": {
    "bg": 3.21
  },
  "mp-5280": {
    "bg": 4.43
  },
  "mp-531826": {
    "bg": 2.3
  },
  "mp-5338": {
    "bg": 2.66
  },
  "mp-540688": {
    "bg": 3.635
  },
  "mp-540962": {
    "bg": 4.905
  },
  "mp-550553": {
    "bg": 3.08
  },
  "mp-551806": {
    "bg": 2.125
  },
  "mp-556440": {
    "bg": 4.3
  },
  "mp-556627": {
    "bg": 0.8
  },
  "mp-557436": {
    "bg": 1.72
  },
  "mp-558323": {
    "bg": 2.57
  },
  "mp-558749": {
    "bg": 1.49
  },
  "mp-559474": {
    "bg": 1.9
  },
  "mp-560588": {
    "bg": 3.91
  },
  "mp-561075": {
    "bg": 1.52
  },
  "mp-568394": {
    "bg": 0.56
  },
  "mp-569224": {
    "bg": 2.41
  },
  "mp-570339": {
    "bg": 2.815
  },
  "mp-571164": {
    "bg": 1.8
  },
  "mp-578882": {
    "bg": 2.0
  },
  "mp-601861": {
    "bg": 3.05
  },
  "mp-616458": {
    "bg": 1.8
  },
  "mp-624214": {
    "bg": 1.8
  },
  "mp-638086": {
    "bg": 2.49
  },
  "mp-649774": {
    "bg": 1.3
  },
  "mp-674333": {
    "bg": 2.2
  },
  "mp-6798": {
    "bg": 2.45
  },
  "mp-697905": {
    "bg": 0.821
  },
  "mp-7090": {
    "bg": 1.04
  },
  "mp-754318": {
    "bg": 2.18
  },
  "mp-758022": {
    "bg": 3.4
  },
  "mp-760188": {
    "bg": 3.1100000000000003
  },
  "mp-77": {
    "bg": 1.51
  },
  "mp-8016": {
    "bg": 2.65
  },
  "mp-8452": {
    "bg": 2.9
  },
  "mp-8900": {
    "bg": 1.85
  },
  "mp-909": {
    "bg": 1.76
  },
  "mp-9252": {
    "bg": 0.7
  },
  "mp-9380": {
    "bg": 3.28
  },
  "mp-974307": {
    "bg": 2.26
  },
  "mp-985592": {
    "bg": 3.1
  }
}