{
  "mp-1008785": {
    "bg": 2.3
  },
  "mp-1020633": {
    "bg": 3.827
  },
  "mp-1047075": {
    "bg": 1.89
  },
  "mp-1078724": {
    "bg": 1.105
  },
  "mp-1095429": {
    "bg": 2.37
  },
  "mp-1102857": {
    "bg": 0.5
  },
  "mp-1103709": {
    "bg": 3.35
  },
  "mp-1103970": {
    "bg": 1.5
  },
  "mp-1106270": {
    "bg": 1.97
  },
  "mp-1112943": {
    "bg": 1.64
  },
  "mp-1120792": {
    "bg": 2.1
  },
  "mp-11321": {
    "bg": 4.6
  },
  "mp-1178513": {
    "bg": 3.1
  },
  "mp-11794": {
    "bg": 2.952
  },
  "mp-1180682": {
    "bg": 1.0
  },
  "mp-1188427": {
    "bg": 0.6900000000000001
  },
  "mp-1188784": {
    "bg": 3.26
  },
  "mp-1189376": {
    "bg": 2.27
  },
  "mp-1190156": {
    "bg": 1.87
  },
  "mp-1190528": {
    "bg": 2.6
  },
  "mp-1190579": {
    "bg": 1.6
  },
  "mp-1191826": {
    "bg": 2.26
  },
  "mp-1191856": {
    "bg": 4.62
  },
  "mp-1191976": {
    "bg": 3.4
  },
  "mp-1192203": {
    "bg": 2.93
  },
  "mp-1192446": {
    "bg": 3.76
  },
  "mp-1192550": {
    "bg": 3.3
  },
  "mp-1194412": {
    "bg": 3.73
  },
  "mp-1194701": {
    "bg": 2.12
  },
  "mp-1194853": {
    "bg": 2.3
  },
  "mp-1194878": {
    "bg": 4.0
  },
  "mp-1194904": {
    "bg": 3.25
  },
  "mp-1195102": {
    "bg": 2.4
  },
  "mp-1195471": {
    "bg": 4.15
  },
  "mp-1195550": {
    "bg": 2.46
  },
  "mp-1195667": {
    "bg": 2.04
  },
  "mp-1196063": {
    "bg": 4.61
  },
  "mp-1196139": {
    "bg": 0.6499999999999999
  },
  "mp-1196438": {
    "bg": 2.3
  },
  "mp-1196712": {
    "bg": 2.58
  },
  "mp-1198509": {
    "bg": 4.1
  },
  "mp-1199451": {
    "bg": 3.75
  },
  "mp-1200796": {
    "bg": 3.87
  },
  "mp-1200917": {
    "bg": 3.39
  },
  "mp-1205397": {
    "bg": 2.31
  },
  "mp-1206514": {
    "bg": 1.33
  },
  "mp-1208111": {
    "bg": 2.92
  },
  "mp-1209072": {
    "bg": 1.84
  },
  "mp-1209358": {
    "bg": 2.21
  },
  "mp-1209693": {
    "bg": 2.1
  },
  "mp-1213805": {
    "bg": 1.05
  },
  "mp-1214816": {
    "bg": 1.05
  },
  "mp-1216625": {
    "bg": 3.145
  },
  "mp-1216962": {
    "bg": 2.5
  },
  "mp-1218758": {
    "bg": 4.6
  },
  "mp-1219182": {
    "bg": 0.51
  },
  "mp-1220818": {
    "bg": 3.02
  },
  "mp-1223443": {
    "bg": 0.86
  },
  "mp-1223709": {
    "bg": 2.2
  },
  "mp-1224229": {
    "bg": 3.1500000000000004
  },
  "mp-1224757": {
    "bg": 1.42
  },
  "mp-1225654": {
    "bg": 3.306
  },
  "mp-1225967": {
    "bg": 1.9
  },
  "mp-1226384": {
    "bg": 1.62
  },
  "mp-1227970": {
    "bg": 2.81
  },
  "mp-1228557": {
    "bg": 3.4
  },
  "mp-1228659": {
    "bg": 2.75
  },
  "mp-1232332": {
    "bg": 2.33
  },
  "mp-13313": {
    "bg": 0.79
  },
  "mp-13548": {
    "bg": 1.5
  },
  "mp-13664": {
    "bg": 4.465
  },
  "mp-15221": {
    "bg": 2.64
  },
  "mp-1536": {
    "bg": 0.9
  },
  "mp-17360": {
    "bg": 3.84
  },
  "mp-17524": {
    "bg": 1.06
  },
  "mp-18988": {
    "bg": 1.89
  },
  "mp-19017": {
    "bg": 3.75
  },
  "mp-19048": {
    "bg": 3.2
  },
  "mp-19421": {
    "bg": 2.495
  },
  "mp-1999": {
    "bg": 4.0
  },
  "mp-20678": {
    "bg": 3.69
  },
  "mp-2176": {
    "bg": 2.26
  },
  "mp-21823": {
    "bg": 1.5
  },
  "mp-22428": {
    "bg": 3.01
  },
  "mp-22607": {
    "bg": 2.0
  },
  "mp-22914": {
    "bg": 3.17
  },
  "mp-23185": {
    "bg": 2.6
  },
  "mp-23318": {
    "bg": 1.89
  },
  "mp-23713": {
    "bg": 3.0
  },
  "mp-23804": {
    "bg": 1.875
  },
  "mp-252": {
    "bg": 2.895
  },
  "mp-2647124": {
    "bg": 1.6
  },
  "mp-2659": {
    "bg": 3.4
  },
  "mp-2667": {
    "bg": 2.6
  },
  "mp-27130": {
    "bg": 4.35
  },
  "mp-27214": {
    "bg": 1.75
  },
  "mp-27544": {
    "bg": 2.67
  },
  "mp-27614": {
    "bg": 2.67
  },
  "mp-27850": {
    "bg": 2.5
  },
  "mp-27966": {
    "bg": 2.685
  },
  "mp-2798": {
    "bg": 1.02
  },
  "mp-2815": {
    "bg": 2.88
  },
  "mp-28222": {
    "bg": 2.48
  },
  "mp-28752": {
    "bg": 2.47
  },
  "mp-28860": {
    "bg": 2.2
  },
  "mp-29895": {
    "bg": 2.1
  },
  "mp-30200": {
    "bg": 3.42
  },
  "mp-31076": {
    "bg": 2.06
  },
  "mp-33723": {
    "bg": 0.6
  },
  "mp-3488": {
    "bg": 3.51
  },
  "mp-35909": {
    "bg": 1.77
  },
  "mp-361": {
    "bg": 2.1
  },
  "mp-3614": {
    "bg": 3.65
  },
  "mp-3677": {
    "bg": 4.3
  },
  "mp-4019": {
    "bg": 3.5
  },
  "mp-4157": {
    "bg": 1.63
  },
  "mp-4533": {
    "bg": 4.0
  },
  "mp-4604": {
    "bg": 1.4
  },
  "mp-4651": {
    "bg": 3.2
  },
  "mp-4988": {
    "bg": 1.3
  },
  "mp-5048": {
    "bg": 2.31
  },
  "mp-505145": {
    "bg": 2.04
  },
  "mp-505412": {
    "bg": 3.0
  },
  "mp-510062": {
    "bg": 2.46
  },
  "mp-510347": {
    "bg": 1.55
  },
  "mp-542545": {
    "bg": 1.53
  },
  "mp-545482": {
    "bg": 2.75
  },
  "mp-546011": {
    "bg": 1.1731
  },
  "mp-552488": {
    "bg": 2.148
  },
  "mp-554820": {
    "bg": 3.65
  },
  "mp-555425": {
    "bg": 2.17
  },
  "mp-556516": {
    "bg": 0.79
  },
  "mp-556541": {
    "bg": 1.8
  },
  "mp-557": {
    "bg": 3.5
  },
  "mp-557543": {
    "bg": 5.0
  },
  "mp-558917": {
    "bg": 2.8
  },
  "mp-559864": {
    "bg": 1.8
  },
  "mp-561083": {
    "bg": 3.54
  },
  "mp-561303": {
    "bg": 2.25
  },
  "mp-561434": {
    "bg": 2.48
  },
  "mp-568722": {
    "bg": 4.47
  },
  "mp-568949": {
    "bg": 2.68
  },
  "mp-569707": {
    "bg": 1.5
  },
  "mp-570324": {
    "bg": 2.14
  },
  "mp-570757": {
    "bg": 0.8
  },
  "mp-5777": {
    "bg": 3.2
  },
  "mp-5878": {
    "bg": 4.3805
  },
  "mp-607291": {
    "bg": 1.42
  },
  "mp-6296": {
    "bg": 2.33
  },
  "mp-641923": {
    "bg": 2.9
  },
  "mp-6457": {
    "bg": 4.66
  },
  "mp-66": {
    "bg": 3.15
  },
  "mp-669311": {
    "bg": 1.75
  },
  "mp-669410": {
    "bg": 2.0
  },
  "mp-680246": {
    "bg": 2.35
  },
  "mp-683902": {
    "bg": 1.5
  },
  "mp-6913": {
    "bg": 1.9
  },
  "mp-700": {
    "bg": 1.1565
  },
  "mp-7212": {
    "bg": 2.374
  },
  "mp-7280": {
    "bg": 1.38
  },
  "mp-755225": {
    "bg": 4.74
  },
  "mp-755749": {
    "bg": 3.08
  },
  "mp-757233": {
    "bg": 2.68
  },
  "mp-757343": {
    "bg": 2.76
  },
  "mp-776024": {
    "bg": 4.0
  },
  "mp-804": {
    "bg": 3.4
  },
  "mp-9003": {
    "bg": 2.14
  },
  "mp-9631": {
    "bg": 3.6
  },
  "mp-985591": {
    "bg": 2.12
  },
  "mp-985829": {
    "bg": 1.93
  },
  "mp-995198": {
    "bg": 2.2
  }
}