{
  "mp-1196139": {
    "bg": 0.6499999999999999
  },
  "mp-5967": {
    "bg": 1.0
  },
  "mp-10378": {
    "bg": 1.6
  },
  "mp-581024": {
    "bg": 1.62
  },
  "mp-10159": {
    "bg": 1.4
  },
  "mp-997618": {
    "bg": 2.6
  },
  "mp-984761": {
    "bg": 1.5
  },
  "mp-976148": {
    "bg": 1.2
  },
  "mp-1536": {
    "bg": 0.9
  },
  "mp-7944": {
    "bg": 0.8200000000000001
  },
  "mp-975275": {
    "bg": 1.0
  },
  "mp-2624": {
    "bg": 1.62
  },
  "mp-2074": {
    "bg": 1.0
  },
  "mp-16264": {
    "bg": 0.89
  },
  "mp-1207082": {
    "bg": 1.875
  },
  "mp-7090": {
    "bg": 1.04
  },
  "mp-9437": {
    "bg": 0.53
  },
  "mp-15724": {
    "bg": 1.0
  }
}