{
  "mp-1195243": {
    "bg": 1.38
  },
  "mp-2490": {
    "bg": 2.26
  },
  "mp-2514": {
    "bg": 1.935
  },
  "mp-2319": {
    "bg": 1.13
  },
  "mp-10182": {
    "bg": 2.04
  },
  "mp-4524": {
    "bg": 2.06
  },
  "mp-28395": {
    "bg": 3.3
  },
  "mp-1479": {
    "bg": 4.2
  },
  "mp-1104707": {
    "bg": 2.06
  },
  "mp-1550": {
    "bg": 2.48
  },
  "mp-913": {
    "bg": 0.81
  },
  "mp-927": {
    "bg": 1.455
  },
  "mp-570553": {
    "bg": 0.88
  },
  "mp-1223642": {
    "bg": 1.84
  },
  "mp-966800": {
    "bg": 1.35
  },
  "mp-36111": {
    "bg": 2.43
  },
  "mp-34903": {
    "bg": 1.92
  },
  "mp-1105127": {
    "bg": 0.53
  },
  "mp-473": {
    "bg": 0.77
  },
  "mp-7440": {
    "bg": 2.0340000000000003
  },
  "mp-29529": {
    "bg": 1.19
  },
  "mp-27411": {
    "bg": 2.02
  },
  "mp-11025": {
    "bg": 1.75
  },
  "mp-4175": {
    "bg": 1.3199999999999998
  },
  "mp-3668": {
    "bg": 1.8
  },
  "mp-7904": {
    "bg": 1.15
  },
  "mp-1392": {
    "bg": 1.42
  }
}