{
  "mp-1009750": {
    "bg": 0.92
  },
  "mp-10182": {
    "bg": 2.04
  },
  "mp-1019967": {
    "bg": 3.915
  },
  "mp-1020643": {
    "bg": 2.66
  },
  "mp-1020712": {
    "bg": 3.875
  },
  "mp-1029652": {
    "bg": 3.94
  },
  "mp-1045": {
    "bg": 3.875
  },
  "mp-1048859": {
    "bg": 3.35
  },
  "mp-1056": {
    "bg": 0.95
  },
  "mp-1070": {
    "bg": 1.74
  },
  "mp-1078132": {
    "bg": 0.7000000000000001
  },
  "mp-10782": {
    "bg": 2.5
  },
  "mp-1078405": {
    "bg": 1.75
  },
  "mp-1078634": {
    "bg": 2.1
  },
  "mp-1080060": {
    "bg": 5.0
  },
  "mp-1094040": {
    "bg": 2.9
  },
  "mp-1095180": {
    "bg": 0.95
  },
  "mp-1095255": {
    "bg": 1.96
  },
  "mp-1095296": {
    "bg": 1.43
  },
  "mp-1095420": {
    "bg": 3.62
  },
  "mp-1095429": {
    "bg": 2.37
  },
  "mp-1100868": {
    "bg": 0.6
  },
  "mp-11022": {
    "bg": 3.8
  },
  "mp-11025": {
    "bg": 1.75
  },
  "mp-1103709": {
    "bg": 3.35
  },
  "mp-1103802": {
    "bg": 4.24
  },
  "mp-1104411": {
    "bg": 3.26
  },
  "mp-1104469": {
    "bg": 2.13
  },
  "mp-1105337": {
    "bg": 2.5
  },
  "mp-1105399": {
    "bg": 0.55
  },
  "mp-1105419": {
    "bg": 2.8
  },
  "mp-1105527": {
    "bg": 2.1
  },
  "mp-1105573": {
    "bg": 1.12
  },
  "mp-1105584": {
    "bg": 2.4
  },
  "mp-1105692": {
    "bg": 1.57
  },
  "mp-1105698": {
    "bg": 2.35
  },
  "mp-1105788": {
    "bg": 2.66
  },
  "mp-1105790": {
    "bg": 1.95
  },
  "mp-1105822": {
    "bg": 3.2
  },
  "mp-1106127": {
    "bg": 2.27
  },
  "mp-1106146": {
    "bg": 1.35
  },
  "mp-1106218": {
    "bg": 3.47
  },
  "mp-1106265": {
    "bg": 2.31
  },
  "mp-1106376": {
    "bg": 0.7000000000000001
  },
  "mp-11116": {
    "bg": 2.56
  },
  "mp-11123": {
    "bg": 2.54
  },
  "mp-11124": {
    "bg": 2.485
  },
  "mp-11131": {
    "bg": 2.7
  },
  "mp-11175": {
    "bg": 3.44
  },
  "mp-11321": {
    "bg": 4.6
  },
  "mp-11604": {
    "bg": 2.17
  },
  "mp-1172870": {
    "bg": 2.43
  },
  "mp-1173567": {
    "bg": 3.6685
  },
  "mp-1179114": {
    "bg": 1.3
  },
  "mp-11793": {
    "bg": 2.1
  },
  "mp-1180682": {
    "bg": 1.0
  },
  "mp-1180700": {
    "bg": 1.7
  },
  "mp-1182128": {
    "bg": 1.8
  },
  "mp-1188122": {
    "bg": 2.29
  },
  "mp-1188304": {
    "bg": 2.22
  },
  "mp-1188364": {
    "bg": 2.05
  },
  "mp-1188427": {
    "bg": 0.6900000000000001
  },
  "mp-1188784": {
    "bg": 3.26
  },
  "mp-1188804": {
    "bg": 3.73
  },
  "mp-1189242": {
    "bg": 2.81
  },
  "mp-1189376": {
    "bg": 2.27
  },
  "mp-1189383": {
    "bg": 3.1
  },
  "mp-1189528": {
    "bg": 3.645
  },
  "mp-1189598": {
    "bg": 2.88
  },
  "mp-1189614": {
    "bg": 3.0
  },
  "mp-1189729": {
    "bg": 1.04
  },
  "mp-1189860": {
    "bg": 1.35
  },
  "mp-1189914": {
    "bg": 3.28
  },
  "mp-1190": {
    "bg": 2.7
  },
  "mp-1190093": {
    "bg": 2.2
  },
  "mp-1190100": {
    "bg": 0.9
  },
  "mp-1190156": {
    "bg": 1.87
  },
  "mp-1190380": {
    "bg": 2.0
  },
  "mp-1190476": {
    "bg": 2.36
  },
  "mp-1190487": {
    "bg": 2.93
  },
  "mp-1190524": {
    "bg": 1.74
  },
  "mp-1190528": {
    "bg": 2.6
  },
  "mp-1190588": {
    "bg": 4.59
  },
  "mp-1191240": {
    "bg": 4.24
  },
  "mp-1191333": {
    "bg": 4.2
  },
  "mp-1191636": {
    "bg": 2.58
  },
  "mp-1191962": {
    "bg": 4.3
  },
  "mp-1192126": {
    "bg": 4.1
  },
  "mp-1192203": {
    "bg": 2.93
  },
  "mp-1192358": {
    "bg": 3.64
  },
  "mp-1192395": {
    "bg": 2.8
  },
  "mp-1192562": {
    "bg": 3.66
  },
  "mp-1194545": {
    "bg": 2.4
  },
  "mp-1194701": {
    "bg": 2.12
  },
  "mp-1194706": {
    "bg": 3.6
  },
  "mp-1194714": {
    "bg": 3.02
  },
  "mp-1194749": {
    "bg": 2.31
  },
  "mp-1194853": {
    "bg": 2.3
  },
  "mp-1194904": {
    "bg": 3.25
  },
  "mp-1194980": {
    "bg": 3.8
  },
  "mp-1195072": {
    "bg": 1.71
  },
  "mp-1195227": {
    "bg": 3.9
  },
  "mp-1195350": {
    "bg": 1.81
  },
  "mp-1195550": {
    "bg": 2.46
  },
  "mp-1195582": {
    "bg": 2.3
  },
  "mp-1195954": {
    "bg": 1.0
  },
  "mp-1196123": {
    "bg": 0.7000000000000001
  },
  "mp-1196151": {
    "bg": 2.54
  },
  "mp-1196183": {
    "bg": 2.13
  },
  "mp-1196300": {
    "bg": 1.83
  },
  "mp-1196301": {
    "bg": 1.6
  },
  "mp-1196490": {
    "bg": 2.27
  },
  "mp-1196663": {
    "bg": 2.32
  },
  "mp-1196712": {
    "bg": 2.58
  },
  "mp-1196943": {
    "bg": 3.4
  },
  "mp-1197203": {
    "bg": 2.32
  },
  "mp-1197285": {
    "bg": 4.2
  },
  "mp-1197947": {
    "bg": 0.7000000000000001
  },
  "mp-1198078": {
    "bg": 1.41
  },
  "mp-1198419": {
    "bg": 2.43
  },
  "mp-1198529": {
    "bg": 2.47
  },
  "mp-1198687": {
    "bg": 2.01
  },
  "mp-1198818": {
    "bg": 3.7
  },
  "mp-1199065": {
    "bg": 2.23
  },
  "mp-1199284": {
    "bg": 2.41
  },
  "mp-1199482": {
    "bg": 1.33
  },
  "mp-1200447": {
    "bg": 1.9
  },
  "mp-1200490": {
    "bg": 4.59
  },
  "mp-1200569": {
    "bg": 2.34
  },
  "mp-1200713": {
    "bg": 3.22
  },
  "mp-1200744": {
    "bg": 4.76
  },
  "mp-1200917": {
    "bg": 3.39
  },
  "mp-1201213": {
    "bg": 4.76
  },
  "mp-1201494": {
    "bg": 1.83
  },
  "mp-1202157": {
    "bg": 2.8
  },
  "mp-1202310": {
    "bg": 3.26
  },
  "mp-1202389": {
    "bg": 3.58
  },
  "mp-1202414": {
    "bg": 1.98
  },
  "mp-1202576": {
    "bg": 2.44
  },
  "mp-1202825": {
    "bg": 1.86
  },
  "mp-1203522": {
    "bg": 3.59
  },
  "mp-1203526": {
    "bg": 1.825
  },
  "mp-1203743": {
    "bg": 1.78
  },
  "mp-1204377": {
    "bg": 3.03
  },
  "mp-1204785": {
    "bg": 3.47
  },
  "mp-1205363": {
    "bg": 2.18
  },
  "mp-1205397": {
    "bg": 2.31
  },
  "mp-1205400": {
    "bg": 1.37
  },
  "mp-1205803": {
    "bg": 2.5
  },
  "mp-1205823": {
    "bg": 4.19
  },
  "mp-1207473": {
    "bg": 3.8
  },
  "mp-1208761": {
    "bg": 3.38
  },
  "mp-1209424": {
    "bg": 2.8
  },
  "mp-1209751": {
    "bg": 1.0
  },
  "mp-1211314": {
    "bg": 1.02
  },
  "mp-1211317": {
    "bg": 4.1
  },
  "mp-1211763": {
    "bg": 3.04
  },
  "mp-1212633": {
    "bg": 3.3
  },
  "mp-1213120": {
    "bg": 1.92
  },
  "mp-1214475": {
    "bg": 4.32
  },
  "mp-1214622": {
    "bg": 3.02
  },
  "mp-1214937": {
    "bg": 3.35
  },
  "mp-1215701": {
    "bg": 1.05
  },
  "mp-1215990": {
    "bg": 2.71
  },
  "mp-1216132": {
    "bg": 2.38
  },
  "mp-1216202": {
    "bg": 0.88
  },
  "mp-1216225": {
    "bg": 0.72
  },
  "mp-1218758": {
    "bg": 4.6
  },
  "mp-12192": {
    "bg": 3.4
  },
  "mp-1219751": {
    "bg": 0.93
  },
  "mp-1220785": {
    "bg": 3.28
  },
  "mp-1222376": {
    "bg": 3.1
  },
  "mp-1223253": {
    "bg": 1.133
  },
  "mp-1223262": {
    "bg": 2.6
  },
  "mp-1223734": {
    "bg": 2.2
  },
  "mp-1223975": {
    "bg": 3.25
  },
  "mp-1224": {
    "bg": 2.2
  },
  "mp-1224070": {
    "bg": 3.4
  },
  "mp-1224229": {
    "bg": 3.1500000000000004
  },
  "mp-1225936": {
    "bg": 1.89
  },
  "mp-1226384": {
    "bg": 1.62
  },
  "mp-1228150": {
    "bg": 4.1
  },
  "mp-1228245": {
    "bg": 3.9
  },
  "mp-1228486": {
    "bg": 2.12
  },
  "mp-1228659": {
    "bg": 2.75
  },
  "mp-12306": {
    "bg": 2.3
  },
  "mp-1232332": {
    "bg": 2.33
  },
  "mp-12365": {
    "bg": 2.95
  },
  "mp-1237135": {
    "bg": 3.05
  },
  "mp-12385": {
    "bg": 3.5
  },
  "mp-12491": {
    "bg": 1.55
  },
  "mp-12535": {
    "bg": 3.0
  },
  "mp-1270": {
    "bg": 2.955
  },
  "mp-1288145": {
    "bg": 2.1
  },
  "mp-12903": {
    "bg": 1.36
  },
  "mp-13019": {
    "bg": 4.5
  },
  "mp-13282": {
    "bg": 2.0
  },
  "mp-13312": {
    "bg": 1.51
  },
  "mp-13313": {
    "bg": 0.79
  },
  "mp-13334": {
    "bg": 3.05
  },
  "mp-13383": {
    "bg": 1.55
  },
  "mp-1392": {
    "bg": 1.42
  },
  "mp-13949": {
    "bg": 1.445
  },
  "mp-1403": {
    "bg": 3.0
  },
  "mp-14485": {
    "bg": 4.14
  },
  "mp-15179": {
    "bg": 2.6
  },
  "mp-15201": {
    "bg": 2.7
  },
  "mp-15776": {
    "bg": 1.72
  },
  "mp-15900": {
    "bg": 2.4
  },
  "mp-16705": {
    "bg": 3.9
  },
  "mp-16818": {
    "bg": 2.37
  },
  "mp-16882": {
    "bg": 3.9
  },