{
  "mp-1019544": {
    "bg": 4.8
  },
  "mp-10488": {
    "bg": 2.44
  },
  "mp-10499": {
    "bg": 3.5
  },
  "mp-1102429": {
    "bg": 1.335
  },
  "mp-1105549": {
    "bg": 1.69
  },
  "mp-1186": {
    "bg": 1.7
  },
  "mp-1191111": {
    "bg": 3.44
  },
  "mp-1191976": {
    "bg": 3.4
  },
  "mp-1194282": {
    "bg": 3.4
  },
  "mp-1195954": {
    "bg": 1.0
  },
  "mp-1196123": {
    "bg": 0.7000000000000001
  },
  "mp-1196300": {
    "bg": 1.83
  },
  "mp-1197947": {
    "bg": 0.7000000000000001
  },
  "mp-1198078": {
    "bg": 1.41
  },
  "mp-1198529": {
    "bg": 2.47
  },
  "mp-1198687": {
    "bg": 2.01
  },
  "mp-1200713": {
    "bg": 3.22
  },
  "mp-1202310": {
    "bg": 3.26
  },
  "mp-1206662": {
    "bg": 1.04
  },
  "mp-1209316": {
    "bg": 2.33
  },
  "mp-1211314": {
    "bg": 1.02
  },
  "mp-1211474": {
    "bg": 2.04
  },
  "mp-1211763": {
    "bg": 3.04
  },
  "mp-1211873": {
    "bg": 1.61
  },
  "mp-1216625": {
    "bg": 3.145
  },
  "mp-1216778": {
    "bg": 1.12
  },
  "mp-12192": {
    "bg": 3.4
  },
  "mp-1220785": {
    "bg": 3.28
  },
  "mp-1223975": {
    "bg": 3.25
  },
  "mp-1228245": {
    "bg": 3.9
  },
  "mp-1228557": {
    "bg": 3.4
  },
  "mp-1403610": {
    "bg": 3.095
  },
  "mp-15201": {
    "bg": 2.7
  },
  "mp-1542940": {
    "bg": 1.3
  },
  "mp-17904": {
    "bg": 3.0
  },
  "mp-18449": {
    "bg": 4.18
  },
  "mp-23494": {
    "bg": 3.09
  },
  "mp-2657": {
    "bg": 3.02
  },
  "mp-2724101": {
    "bg": 0.5
  },
  "mp-277": {
    "bg": 1.6
  },
  "mp-27828": {
    "bg": 2.54
  },
  "mp-27850": {
    "bg": 2.5
  },
  "mp-28232": {
    "bg": 3.4
  },
  "mp-2858": {
    "bg": 5.0
  },
  "mp-2931": {
    "bg": 3.3
  },
  "mp-2998": {
    "bg": 3.23
  },
  "mp-30092": {
    "bg": 2.975
  },
  "mp-3175": {
    "bg": 3.55
  },
  "mp-3335": {
    "bg": 3.6
  },
  "mp-3349": {
    "bg": 3.2
  },
  "mp-3378": {
    "bg": 3.9
  },
  "mp-3488": {
    "bg": 3.51
  },
  "mp-3771": {
    "bg": 3.7
  },
  "mp-390": {
    "bg": 3.2
  },
  "mp-4019": {
    "bg": 3.5
  },
  "mp-4156": {
    "bg": 4.74
  },
  "mp-4408": {
    "bg": 2.9
  },
  "mp-4571": {
    "bg": 3.3
  },
  "mp-4651": {
    "bg": 3.2
  },
  "mp-4820": {
    "bg": 4.0
  },
  "mp-5193": {
    "bg": 1.0
  },
  "mp-5214": {
    "bg": 3.37
  },
  "mp-5229": {
    "bg": 3.21
  },
  "mp-5373": {
    "bg": 2.75
  },
  "mp-540771": {
    "bg": 1.83
  },
  "mp-542067": {
    "bg": 1.59
  },
  "mp-5449": {
    "bg": 3.18
  },
  "mp-5532": {
    "bg": 2.56
  },
  "mp-555253": {
    "bg": 2.05
  },
  "mp-556440": {
    "bg": 4.3
  },
  "mp-558747": {
    "bg": 1.3
  },
  "mp-558760": {
    "bg": 1.53
  },
  "mp-559474": {
    "bg": 1.9
  },
  "mp-559489": {
    "bg": 4.95
  },
  "mp-568346": {
    "bg": 3.1
  },
  "mp-5777": {
    "bg": 3.2
  },
  "mp-5967": {
    "bg": 1.0
  },
  "mp-5977": {
    "bg": 3.75
  },
  "mp-5986": {
    "bg": 3.12
  },
  "mp-5999": {
    "bg": 2.8
  },
  "mp-6457": {
    "bg": 4.66
  },
  "mp-6548": {
    "bg": 3.05
  },
  "mp-680246": {
    "bg": 2.35
  },
  "mp-685194": {
    "bg": 2.0
  },
  "mp-686465": {
    "bg": 3.2
  },
  "mp-7129": {
    "bg": 2.19
  },
  "mp-752425": {
    "bg": 3.1
  },
  "mp-753891": {
    "bg": 3.5
  },
  "mp-755225": {
    "bg": 4.74
  },
  "mp-757031": {
    "bg": 3.55
  },
  "mp-757233": {
    "bg": 2.68
  },
  "mp-759307": {
    "bg": 2.91
  },
  "mp-776024": {
    "bg": 4.0
  },
  "mp-776470": {
    "bg": 0.815
  },
  "mp-7781": {
    "bg": 1.9
  },
  "mp-8065": {
    "bg": 3.45
  },
  "mp-8291": {
    "bg": 3.03
  },
  "mp-9172": {
    "bg": 4.64
  },
  "mp-985829": {
    "bg": 1.93
  },
  "mp-985831": {
    "bg": 1.13
  },
  "mp-9921": {
    "bg": 2.07
  },
  "mp-9922": {
    "bg": 2.2
  },
  "mp-998552": {
    "bg": 3.0
  }
}