{
    "mp-556225": {
        "bg": 1.09
    },
    "mp-9770": {
        "bg": 1.45
    },
    "mp-15645": {
        "bg": 1.315
    },
    "mp-29678": {
        "bg": 0.98
    },
    "mp-11674": {
        "bg": 3.1
    },
    "mp-29502": {
        "bg": 2.5
    },
    "mp-947": {
        "bg": 1.8
    },
    "mp-1199451": {
        "bg": 3.75
    },
    "mp-1229044": {
        "bg": 2.56
    },
    "mp-1202506": {
        "bg": 1.22
    },
    "mp-1203584": {
        "bg": 2.14
    },
    "mp-1202829": {
        "bg": 1.43
    },
    "mp-1194545": {
        "bg": 2.4
    },
    "mp-22841": {
        "bg": 2.47
    },
    "mp-573635": {
        "bg": 2.295
    },
    "mp-1228486": {
        "bg": 2.12
    },
    "mp-1192595": {
        "bg": 1.7349999999999999
    },
    "mp-31307": {
        "bg": 1.8
    },
    "mp-1190528": {
        "bg": 2.6
    },
    "mp-1190380": {
        "bg": 2.0
    },
    "mp-1200759": {
        "bg": 3.0
    },
    "mp-1195033": {
        "bg": 1.3
    },
    "mp-1195068": {
        "bg": 1.6
    },
    "mp-1195344": {
        "bg": 2.16
    },
    "mp-1197353": {
        "bg": 2.65
    },
    "mp-1105201": {
        "bg": 2.13
    },
    "mp-1195594": {
        "bg": 2.31
    },
    "mp-7394": {
        "bg": 1.7000000000000002
    },
    "mp-8258": {
        "bg": 3.9
    },
    "mp-1191234": {
        "bg": 3.4
    },
    "mp-12306": {
        "bg": 2.3
    },
    "mp-17947": {
        "bg": 2.465
    },
    "mp-1227983": {
        "bg": 3.23
    },
    "mp-1227970": {
        "bg": 2.81
    },
    "mp-4309": {
        "bg": 3.54
    },
    "mp-1191072": {
        "bg": 2.73
    },
    "mp-1105549": {
        "bg": 1.69
    },
    "mp-28007": {
        "bg": 1.9300000000000002
    },
    "mp-1500": {
        "bg": 3.67
    },
    "mp-1253": {
        "bg": 1.843
    },
    "mp-1202711": {
        "bg": 2.335
    },
    "mp-540771": {
        "bg": 1.83
    },
    "mp-422": {
        "bg": 4.17
    },
    "mp-1541": {
        "bg": 2.725
    },
    "mp-252": {
        "bg": 2.895
    },
    "mp-22856": {
        "bg": 1.3
    },
    "mp-1227335": {
        "bg": 0.92
    },
    "mp-31406": {
        "bg": 0.62
    },
    "mp-2232": {
        "bg": 2.29
    },
    "mp-866503": {
        "bg": 2.52
    },
    "mp-1672": {
        "bg": 4.465
    },
    "mp-1415": {
        "bg": 2.47
    },
    "mp-1519": {
        "bg": 4.0
    },
    "mp-7781": {
        "bg": 1.9
    },
    "mp-672": {
        "bg": 2.4
    },
    "mp-1070": {
        "bg": 1.74
    },
    "mp-406": {
        "bg": 1.5
    },
    "mp-567386": {
        "bg": 2.48
    },
    "mp-1105419": {
        "bg": 2.8
    },
    "mp-17905": {
        "bg": 1.63
    },
    "mp-1195667": {
        "bg": 2.04
    },
    "mp-1195633": {
        "bg": 1.92
    },
    "mp-31285": {
        "bg": 1.5
    },
    "mp-540703": {
        "bg": 4.035
    },
    "mp-573763": {
        "bg": 3.5
    },
    "mp-1194749": {
        "bg": 2.31
    },
    "mp-1194701": {
        "bg": 2.12
    },
    "mp-680246": {
        "bg": 2.35
    },
    "mp-1192526": {
        "bg": 3.4
    },
    "mp-1192754": {
        "bg": 2.3
    },
    "mp-1195350": {
        "bg": 1.81
    },
    "mp-7155": {
        "bg": 2.5949999999999998
    },
    "mp-5038": {
        "bg": 3.305
    },
    "mp-562726": {
        "bg": 2.7800000000000002
    },
    "mp-1104469": {
        "bg": 2.13
    },
    "mp-559459": {
        "bg": 3.4
    },
    "mp-1200720": {
        "bg": 2.81
    },
    "mp-1199743": {
        "bg": 2.16
    },
    "mp-12491": {
        "bg": 1.55
    },
    "mp-11124": {
        "bg": 2.485
    },
    "mp-1202825": {
        "bg": 1.8599999999999999
    },
    "mp-1203743": {
        "bg": 1.78
    },
    "mp-1195822": {
        "bg": 1.15
    },
    "mp-1225967": {
        "bg": 1.9
    },
    "mp-510062": {
        "bg": 2.46
    },
    "mp-7212": {
        "bg": 2.374
    },
    "mp-505709": {
        "bg": 2.5300000000000002
    },
    "mp-638078": {
        "bg": 2.12
    },
    "mp-8361": {
        "bg": 3.94
    },
    "mp-11116": {
        "bg": 2.56
    },
    "mp-11123": {
        "bg": 2.54
    },
    "mp-574620": {
        "bg": 2.35
    },
    "mp-1225993": {
        "bg": 1.21
    },
    "mp-557373": {
        "bg": 1.74
    },
    "mp-1025340": {
        "bg": 1.6400000000000001
    },
    "mp-607291": {
        "bg": 1.42
    },
    "mp-3934": {
        "bg": 2.3
    },
    "mp-559551": {
        "bg": 0.915
    },
    "mp-12954": {
        "bg": 3.61
    },
    "mp-983565": {
        "bg": 2.315
    },
    "mp-1270": {
        "bg": 2.955
    },
    "mp-1189242": {
        "bg": 2.81
    },
    "mp-209": {
        "bg": 1.6600000000000001
    },
    "mp-2931287": {
        "bg": 3.14
    },
    "mp-1522": {
        "bg": 0.9500000000000001
    },
    "mp-539": {
        "bg": 2.99
    },
    "mp-1340": {
        "bg": 2.29
    },
    "mp-38970": {
        "bg": 1.65
    },
    "mp-2507": {
        "bg": 2.5
    },
    "mp-568263": {
        "bg": 2.0
    },
    "mp-542812": {
        "bg": 1.685
    },
    "mp-669509": {
        "bg": 2.63
    },
    "mp-510490": {
        "bg": 2.1
    },
    "mp-2242": {
        "bg": 1.69
    },
    "mp-572892": {
        "bg": 3.71
    },
    "mp-700": {
        "bg": 1.1565
    },
    "mp-540625": {
        "bg": 2.03
    },
    "mp-985829": {
        "bg": 1.9300000000000002
    },
    "mp-9922": {
        "bg": 2.2
    },
    "mp-985831": {
        "bg": 1.13
    },
    "mp-9252": {
        "bg": 0.7000000000000001
    },
    "mp-22216": {
        "bg": 2.12
    },
    "mp-612740": {
        "bg": 1.325
    },
    "mp-669311": {
        "bg": 1.75
    },
    "mp-20790": {
        "bg": 3.12
    },
    "mp-19795": {
        "bg": 1.995
    },
    "mp-22691": {
        "bg": 1.3900000000000001
    },
    "mp-2833": {
        "bg": 0.9
    },
    "mp-1224229": {
        "bg": 3.15
    },
    "mp-570887": {
        "bg": 1.8
    },
    "mp-28800": {
        "bg": 0.53
    },
    "mp-571637": {
        "bg": 1.9300000000000002
    },
    "mp-18101": {
        "bg": 2.75
    },
    "mp-1198419": {
        "bg": 2.43
    },
    "mp-18531": {
        "bg": 2.26
    },
    "mp-1172870": {
        "bg": 2.43
    },
    "mp-505138": {
        "bg": 1.48
    },
    "mp-1022": {
        "bg": 2.1
    },
    "mp-8426": {
        "bg": 2.035
    },
    "mp-1747": {
        "bg": 1.9
    },
    "mp-12535": {
        "bg": 3.0
    },
    "mp-559251": {
        "bg": 1.35
    },
    "mp-556627": {
        "bg": 0.8
    },
    "mp-568847": {
        "bg": 0.64
    },
    "mp-15148": {
        "bg": 1.96
    },
    "mp-18664": {
        "bg": 2.385
    },
    "mp-6296": {
        "bg": 2.33
    },
    "mp-17698": {
        "bg": 2.51
    },
    "mp-12532": {
        "bg": 3.02
    },
    "mp-1223584": {
        "bg": 1.21
    },
    "mp-568379": {
        "bg": 1.8
    },
    "mp-8755": {
        "bg": 2.12
    },
    "mp-1195772": {
        "bg": 1.15
    },
    "mp-18625": {
        "bg": 2.16
    },
    "mp-11604": {
        "bg": 2.17
    },
    "mp-7475": {
        "bg": 2.59
    },
    "mp-32798": {
        "bg": 1.97
    },
    "mp-1198687": {
        "bg": 2.01
    },
    "mp-510011": {
        "bg": 2.0
    },
    "mp-1196490": {
        "bg": 2.27
    },
    "mp-4816": {
        "bg": 2.5
    },
    "mp-1200447": {
        "bg": 1.9
    },
    "mp-1189383": {
        "bg": 3.1
    },
    "mp-1188784": {
        "bg": 3.26
    },
    "mp-554782": {
        "bg": 3.65
    },
    "mp-1191476": {
        "bg": 3.45
    },
    "mp-1191200": {
        "bg": 2.3
    },
    "mp-1153": {
        "bg": 3.3595
    },
    "mp-1190364": {
        "bg": 2.14
    },
    "mp-1095291": {
        "bg": 1.9500000000000002
    },
    "mp-985583": {
        "bg": 3.68
    },
    "mp-1407369": {
        "bg": 2.0
    },
    "mp-3647": {
        "bg": 3.635
    },
    "mp-11582": {
        "bg": 3.34
    },
    "mp-5048": {
        "bg": 2.31
    },