{
    "mp-2172": {
        "bg": 2.2
    },
    "mp-10044": {
        "bg": 1.3900000000000001
    },
    "mp-1192376": {
        "bg": 0.5700000000000001
    },
    "mp-1195592": {
        "bg": 0.78
    },
    "mp-1095180": {
        "bg": 0.9500000000000001
    },
    "mp-9548": {
        "bg": 1.615
    },
    "mp-1095289": {
        "bg": 1.57
    },
    "mp-12558": {
        "bg": 1.25
    },
    "mp-9124": {
        "bg": 1.6099999999999999
    },
    "mp-1990": {
        "bg": 1.865
    },
    "mp-1016200": {
        "bg": 1.9500000000000002
    },
    "mp-5962": {
        "bg": 0.97
    }
}