{
  "mp-10182": {
    "bg": 2.04
  },
  "mp-10347": {
    "bg": 3.8
  },
  "mp-1039": {
    "bg": 3.49
  },
  "mp-1045": {
    "bg": 3.875
  },
  "mp-1078634": {
    "bg": 2.1
  },
  "mp-1095289": {
    "bg": 1.57
  },
  "mp-1095584": {
    "bg": 1.4
  },
  "mp-1096782": {
    "bg": 1.0
  },
  "mp-1100868": {
    "bg": 0.6
  },
  "mp-11019": {
    "bg": 1.47
  },
  "mp-1103709": {
    "bg": 3.35
  },
  "mp-1103802": {
    "bg": 4.24
  },
  "mp-1104707": {
    "bg": 2.06
  },
  "mp-1112176": {
    "bg": 2.5
  },
  "mp-1112943": {
    "bg": 1.64
  },
  "mp-1112980": {
    "bg": 3.05
  },
  "mp-1120759": {
    "bg": 1.0750000000000002
  },
  "mp-11321": {
    "bg": 4.6
  },
  "mp-11604": {
    "bg": 2.17
  },
  "mp-11674": {
    "bg": 3.1
  },
  "mp-1179114": {
    "bg": 1.3
  },
  "mp-1186": {
    "bg": 1.7
  },
  "mp-1188829": {
    "bg": 1.4
  },
  "mp-1189242": {
    "bg": 2.81
  },
  "mp-1189259": {
    "bg": 1.62
  },
  "mp-1189860": {
    "bg": 1.35
  },
  "mp-1190401": {
    "bg": 2.2
  },
  "mp-1190698": {
    "bg": 2.04
  },
  "mp-1191266": {
    "bg": 3.0700000000000003
  },
  "mp-1192358": {
    "bg": 3.64
  },
  "mp-1192395": {
    "bg": 2.8
  },
  "mp-1192754": {
    "bg": 2.3
  },
  "mp-1193499": {
    "bg": 1.5
  },
  "mp-1194282": {
    "bg": 3.4
  },
  "mp-1194625": {
    "bg": 3.1
  },
  "mp-1194701": {
    "bg": 2.12
  },
  "mp-1195033": {
    "bg": 1.3
  },
  "mp-1195270": {
    "bg": 2.0
  },
  "mp-1195291": {
    "bg": 1.6
  },
  "mp-1195417": {
    "bg": 2.0
  },
  "mp-1197022": {
    "bg": 1.8
  },
  "mp-1197632": {
    "bg": 2.47
  },
  "mp-1197728": {
    "bg": 3.52
  },
  "mp-1198419": {
    "bg": 2.43
  },
  "mp-1198962": {
    "bg": 3.3
  },
  "mp-1199265": {
    "bg": 2.79
  },
  "mp-1200758": {
    "bg": 2.87
  },
  "mp-1200796": {
    "bg": 3.87
  },
  "mp-1201443": {
    "bg": 3.22
  },
  "mp-1202170": {
    "bg": 3.52
  },
  "mp-1202389": {
    "bg": 3.58
  },
  "mp-1204879": {
    "bg": 2.66
  },
  "mp-1205334": {
    "bg": 3.2
  },
  "mp-1205847": {
    "bg": 1.6
  },
  "mp-1211748": {
    "bg": 2.21
  },
  "mp-1214475": {
    "bg": 4.32
  },
  "mp-1216132": {
    "bg": 2.38
  },
  "mp-1216225": {
    "bg": 0.72
  },
  "mp-1220818": {
    "bg": 3.02
  },
  "mp-1220990": {
    "bg": 4.9
  },
  "mp-1223463": {
    "bg": 3.26
  },
  "mp-1224772": {
    "bg": 3.75
  },
  "mp-1227993": {
    "bg": 3.75
  },
  "mp-1228245": {
    "bg": 3.9
  },
  "mp-1228659": {
    "bg": 2.75
  },
  "mp-1239169": {
    "bg": 1.5
  },
  "mp-1246515": {
    "bg": 2.5
  },
  "mp-12903": {
    "bg": 1.36
  },
  "mp-13033": {
    "bg": 2.3
  },
  "mp-13287": {
    "bg": 2.65
  },
  "mp-13383": {
    "bg": 1.55
  },
  "mp-13664": {
    "bg": 4.465
  },
  "mp-1423059": {
    "bg": 2.87
  },
  "mp-1550": {
    "bg": 2.48
  },
  "mp-15724": {
    "bg": 1.0
  },
  "mp-160": {
    "bg": 2.0
  },
  "mp-18751": {
    "bg": 2.12
  },
  "mp-18844": {
    "bg": 1.67
  },
  "mp-18899": {
    "bg": 1.02
  },
  "mp-19001": {
    "bg": 1.2
  },
  "mp-19034": {
    "bg": 3.02
  },
  "mp-19080": {
    "bg": 1.24
  },
  "mp-19254": {
    "bg": 1.03
  },
  "mp-19276": {
    "bg": 3.35
  },
  "mp-19318": {
    "bg": 3.26
  },
  "mp-19323": {
    "bg": 2.28
  },
  "mp-19421": {
    "bg": 2.495
  },
  "mp-19795": {
    "bg": 1.995
  },
  "mp-20289": {
    "bg": 2.585
  },
  "mp-21713": {
    "bg": 1.6800000000000002
  },
  "mp-22410": {
    "bg": 3.7
  },
  "mp-2251": {
    "bg": 1.115
  },
  "mp-22590": {
    "bg": 2.1
  },
  "mp-22894": {
    "bg": 2.63
  },
  "mp-22925": {
    "bg": 2.22
  },
  "mp-22950": {
    "bg": 4.8
  },
  "mp-23064": {
    "bg": 2.66
  },
  "mp-23074": {
    "bg": 3.93
  },
  "mp-23127": {
    "bg": 3.0
  },
  "mp-23423": {
    "bg": 3.1
  },
  "mp-23804": {
    "bg": 1.875
  },
  "mp-2383161": {
    "bg": 2.7
  },
  "mp-25423": {
    "bg": 1.75
  },
  "mp-27130": {
    "bg": 4.35
  },
  "mp-27394": {
    "bg": 1.4125
  },
  "mp-27678": {
    "bg": 1.14
  },
  "mp-27871": {
    "bg": 1.76
  },
  "mp-27904": {
    "bg": 0.8
  },
  "mp-2831941": {
    "bg": 2.52
  },
  "mp-2843": {
    "bg": 1.3
  },
  "mp-28572": {
    "bg": 1.0
  },
  "mp-2931287": {
    "bg": 3.14
  },
  "mp-29530": {
    "bg": 2.63
  },
  "mp-29711": {
    "bg": 0.68
  },
  "mp-32533": {
    "bg": 2.95
  },
  "mp-32688": {
    "bg": 1.7000000000000002
  },
  "mp-32689": {
    "bg": 1.85
  },
  "mp-32777": {
    "bg": 2.76
  },
  "mp-3285": {
    "bg": 3.3
  },
  "mp-3349": {
    "bg": 3.2
  },
  "mp-35421": {
    "bg": 2.7
  },
  "mp-36539": {
    "bg": 0.61
  },
  "mp-3785": {
    "bg": 0.95
  },
  "mp-37906": {
    "bg": 3.45
  },
  "mp-401": {
    "bg": 2.0
  },
  "mp-4157": {
    "bg": 1.63
  },
  "mp-4175": {
    "bg": 1.3199999999999998
  },
  "mp-4280": {
    "bg": 3.6
  },
  "mp-4468": {
    "bg": 1.5
  },
  "mp-4651": {
    "bg": 3.2
  },
  "mp-504591": {
    "bg": 3.81
  },
  "mp-505212": {
    "bg": 2.35
  },
  "mp-5229": {
    "bg": 3.21
  },
  "mp-541155": {
    "bg": 1.0
  },
  "mp-5414": {
    "bg": 1.71
  },
  "mp-541404": {
    "bg": 0.7
  },
  "mp-541462": {
    "bg": 4.0
  },
  "mp-542435": {
    "bg": 2.9
  },
  "mp-548469": {
    "bg": 3.9
  },
  "mp-550553": {
    "bg": 3.08
  },
  "mp-551806": {
    "bg": 2.125
  },
  "mp-552488": {
    "bg": 2.148
  },
  "mp-552676": {
    "bg": 2.01
  },
  "mp-552806": {
    "bg": 3.71
  },
  "mp-5537": {
    "bg": 2.78
  },
  "mp-554384": {
    "bg": 2.17
  },
  "mp-556911": {
    "bg": 2.0
  },
  "mp-557121": {
    "bg": 2.75
  },
  "mp-557436": {
    "bg": 1.72
  },
  "mp-560798": {
    "bg": 3.28
  },
  "mp-560964": {
    "bg": 2.2
  },
  "mp-561075": {
    "bg": 1.52
  },
  "mp-561132": {
    "bg": 2.85
  },
  "mp-561303": {
    "bg": 2.25
  },
  "mp-569702": {
    "bg": 2.08
  },
  "mp-578882": {
    "bg": 2.0
  },
  "mp-580941": {
    "bg": 2.775
  },
  "mp-581024": {
    "bg": 1.62
  },
  "mp-616458": {
    "bg": 1.8
  },
  "mp-6166": {
    "bg": 3.03
  },
  "mp-619461": {
    "bg": 2.73
  },
  "mp-623854": {
    "bg": 2.535
  },
  "mp-644514": {
    "bg": 2.0
  },
  "mp-649774": {
    "bg": 1.3
  },
  "mp-665": {
    "bg": 1.2
  },
  "mp-6652": {
    "bg": 2.32
  },
  "mp-667338": {
    "bg": 3.0
  },
  "mp-7155": {
    "bg": 2.595
  },
  "mp-7394": {
    "bg": 1.7
  },
  "mp-758022": {
    "bg": 3.4
  },
  "mp-7684": {
    "bg": 1.3
  },
  "mp-7988": {
    "bg": 2.74
  },
  "mp-8065": {
    "bg": 3.45
  },
  "mp-971684": {
    "bg": 2.7
  },
  "mp-974307": {
    "bg": 2.26
  },
  "mp-988": {
    "bg": 5.0
  }
}