{
  "mp-1000": {
    "bg": 3.4
  },
  "mp-1009750": {
    "bg": 0.92
  },
  "mp-1019529": {
    "bg": 3.1
  },
  "mp-1019602": {
    "bg": 4.13
  },
  "mp-10293": {
    "bg": 2.2
  },
  "mp-10378": {
    "bg": 1.6
  },
  "mp-1048859": {
    "bg": 3.35
  },
  "mp-1056": {
    "bg": 0.95
  },
  "mp-1080625": {
    "bg": 2.21
  },
  "mp-1095291": {
    "bg": 1.95
  },
  "mp-10973": {
    "bg": 1.72
  },
  "mp-1102429": {
    "bg": 1.335
  },
  "mp-1104878": {
    "bg": 1.62
  },
  "mp-1105235": {
    "bg": 3.76
  },
  "mp-1105573": {
    "bg": 1.12
  },
  "mp-1105788": {
    "bg": 2.66
  },
  "mp-1105790": {
    "bg": 1.95
  },
  "mp-1112659": {
    "bg": 1.66
  },
  "mp-1176656": {
    "bg": 1.43
  },
  "mp-1180473": {
    "bg": 0.59
  },
  "mp-1180682": {
    "bg": 1.0
  },
  "mp-1190": {
    "bg": 2.7
  },
  "mp-1190156": {
    "bg": 1.87
  },
  "mp-1190380": {
    "bg": 2.0
  },
  "mp-1190487": {
    "bg": 2.93
  },
  "mp-1190579": {
    "bg": 1.6
  },
  "mp-1190898": {
    "bg": 4.05
  },
  "mp-1191111": {
    "bg": 3.44
  },
  "mp-1191856": {
    "bg": 4.62
  },
  "mp-1192530": {
    "bg": 4.39
  },
  "mp-1194436": {
    "bg": 1.29
  },
  "mp-1194714": {
    "bg": 3.02
  },
  "mp-1195550": {
    "bg": 2.46
  },
  "mp-1196139": {
    "bg": 0.6499999999999999
  },
  "mp-1196151": {
    "bg": 2.54
  },
  "mp-1196183": {
    "bg": 2.13
  },
  "mp-1197947": {
    "bg": 0.7000000000000001
  },
  "mp-1198404": {
    "bg": 1.31
  },
  "mp-1198818": {
    "bg": 3.7
  },
  "mp-1199125": {
    "bg": 2.97
  },
  "mp-1199702": {
    "bg": 2.55
  },
  "mp-1201497": {
    "bg": 1.73
  },
  "mp-1201687": {
    "bg": 3.49
  },
  "mp-1202414": {
    "bg": 1.98
  },
  "mp-1202825": {
    "bg": 1.86
  },
  "mp-1204785": {
    "bg": 3.47
  },
  "mp-1209358": {
    "bg": 2.21
  },
  "mp-1209693": {
    "bg": 2.1
  },
  "mp-1209751": {
    "bg": 1.0
  },
  "mp-1211317": {
    "bg": 4.1
  },
  "mp-1212599": {
    "bg": 1.77
  },
  "mp-1212633": {
    "bg": 3.3
  },
  "mp-1214622": {
    "bg": 3.02
  },
  "mp-1218758": {
    "bg": 4.6
  },
  "mp-1222398": {
    "bg": 2.64
  },
  "mp-1226384": {
    "bg": 1.62
  },
  "mp-1228123": {
    "bg": 2.2
  },
  "mp-1228486": {
    "bg": 2.12
  },
  "mp-1274308": {
    "bg": 2.38
  },
  "mp-13019": {
    "bg": 4.5
  },
  "mp-13313": {
    "bg": 0.79
  },
  "mp-1415": {
    "bg": 2.47
  },
  "mp-14577": {
    "bg": 2.58
  },
  "mp-15077": {
    "bg": 1.0
  },
  "mp-15147": {
    "bg": 1.82
  },
  "mp-15559": {
    "bg": 1.745
  },
  "mp-1602": {
    "bg": 2.95
  },
  "mp-17715": {
    "bg": 4.49
  },
  "mp-17756": {
    "bg": 2.3
  },
  "mp-18966": {
    "bg": 1.7000000000000002
  },
  "mp-19163": {
    "bg": 4.8
  },
  "mp-19219": {
    "bg": 3.9
  },
  "mp-19765": {
    "bg": 0.86
  },
  "mp-2133": {
    "bg": 3.33
  },
  "mp-21723": {
    "bg": 0.9
  },
  "mp-22875": {
    "bg": 2.66
  },
  "mp-22893": {
    "bg": 2.28
  },
  "mp-22909": {
    "bg": 3.31
  },
  "mp-22922": {
    "bg": 3.25
  },
  "mp-22996": {
    "bg": 1.662
  },
  "mp-23054": {
    "bg": 2.45
  },
  "mp-23231": {
    "bg": 2.6
  },
  "mp-23436": {
    "bg": 3.95
  },
  "mp-2352": {
    "bg": 1.53
  },
  "mp-2455": {
    "bg": 0.92
  },
  "mp-25279": {
    "bg": 2.3
  },
  "mp-2624": {
    "bg": 1.62
  },
  "mp-27161": {
    "bg": 3.28
  },
  "mp-27449": {
    "bg": 2.96
  },
  "mp-27688": {
    "bg": 1.38
  },
  "mp-27742": {
    "bg": 3.36
  },
  "mp-27922": {
    "bg": 1.5
  },
  "mp-27936": {
    "bg": 0.6
  },
  "mp-2798": {
    "bg": 1.02
  },
  "mp-28015": {
    "bg": 1.75
  },
  "mp-28752": {
    "bg": 2.47
  },
  "mp-28800": {
    "bg": 0.53
  },
  "mp-28848": {
    "bg": 3.34
  },
  "mp-29044": {
    "bg": 1.81
  },
  "mp-29529": {
    "bg": 1.19
  },
  "mp-2961": {
    "bg": 2.409
  },
  "mp-29806": {
    "bg": 1.4
  },
  "mp-3307": {
    "bg": 3.2725
  },
  "mp-3342": {
    "bg": 2.6
  },
  "mp-3614": {
    "bg": 3.65
  },
  "mp-36358": {
    "bg": 2.55
  },
  "mp-3668": {
    "bg": 1.8
  },
  "mp-3677": {
    "bg": 4.3
  },
  "mp-37108": {
    "bg": 2.45
  },
  "mp-3870": {
    "bg": 2.15
  },
  "mp-4016": {
    "bg": 2.925
  },
  "mp-441": {
    "bg": 4.5
  },
  "mp-4816": {
    "bg": 2.5
  },
  "mp-540688": {
    "bg": 3.635
  },
  "mp-540957": {
    "bg": 1.47
  },
  "mp-542067": {
    "bg": 1.59
  },
  "mp-545482": {
    "bg": 2.75
  },
  "mp-546011": {
    "bg": 1.1731
  },
  "mp-554408": {
    "bg": 2.04
  },
  "mp-556340": {
    "bg": 2.5700000000000003
  },
  "mp-557920": {
    "bg": 3.43
  },
  "mp-559200": {
    "bg": 2.05
  },
  "mp-559251": {
    "bg": 1.35
  },
  "mp-561066": {
    "bg": 1.36
  },
  "mp-562065": {
    "bg": 2.46
  },
  "mp-567503": {
    "bg": 2.32
  },
  "mp-567968": {
    "bg": 0.73
  },
  "mp-568346": {
    "bg": 3.1
  },
  "mp-568847": {
    "bg": 0.64
  },
  "mp-568949": {
    "bg": 2.68
  },
  "mp-569501": {
    "bg": 0.6
  },
  "mp-570577": {
    "bg": 4.2
  },
  "mp-572758": {
    "bg": 1.47
  },
  "mp-573635": {
    "bg": 2.295
  },
  "mp-574620": {
    "bg": 2.35
  },
  "mp-5878": {
    "bg": 4.3805
  },
  "mp-601861": {
    "bg": 3.05
  },
  "mp-608555": {
    "bg": 2.14
  },
  "mp-6089": {
    "bg": 4.385
  },
  "mp-624190": {
    "bg": 2.4
  },
  "mp-6296": {
    "bg": 2.33
  },
  "mp-634": {
    "bg": 2.03
  },
  "mp-637680": {
    "bg": 1.9
  },
  "mp-638261": {
    "bg": 4.873
  },
  "mp-644203": {
    "bg": 3.17
  },
  "mp-6564": {
    "bg": 3.75
  },
  "mp-6812": {
    "bg": 4.35
  },
  "mp-6913": {
    "bg": 1.9
  },
  "mp-700": {
    "bg": 1.1565
  },
  "mp-754654": {
    "bg": 3.75
  },
  "mp-757343": {
    "bg": 2.76
  },
  "mp-770771": {
    "bg": 4.6
  },
  "mp-7781": {
    "bg": 1.9
  },
  "mp-7798": {
    "bg": 3.2
  },
  "mp-8216": {
    "bg": 1.67
  },
  "mp-8258": {
    "bg": 3.9
  },
  "mp-8426": {
    "bg": 2.035
  },
  "mp-866503": {
    "bg": 2.52
  },
  "mp-8818": {
    "bg": 1.7
  },
  "mp-9172": {
    "bg": 4.64
  },
  "mp-9252": {
    "bg": 0.7
  },
  "mp-977414": {
    "bg": 2.97
  },
  "mp-978553": {
    "bg": 1.905
  },
  "mp-985583": {
    "bg": 3.68
  },
  "mp-995198": {
    "bg": 2.2
  },
  "mp-995234": {
    "bg": 3.26
  }
}