{
  "mp-10044": {
    "bg": 1.39
  },
  "mp-1020643": {
    "bg": 2.66
  },
  "mp-1078250": {
    "bg": 1.95
  },
  "mp-1078258": {
    "bg": 2.44
  },
  "mp-1079630": {
    "bg": 4.17
  },
  "mp-1087": {
    "bg": 4.779999999999999
  },
  "mp-1101841": {
    "bg": 1.4
  },
  "mp-1102534": {
    "bg": 1.4
  },
  "mp-1103351": {
    "bg": 2.85
  },
  "mp-1104293": {
    "bg": 1.8
  },
  "mp-1105187": {
    "bg": 2.2
  },
  "mp-1105698": {
    "bg": 2.35
  },
  "mp-1172870": {
    "bg": 2.43
  },
  "mp-1173567": {
    "bg": 3.6685
  },
  "mp-1180700": {
    "bg": 1.7
  },
  "mp-1182128": {
    "bg": 1.8
  },
  "mp-1188122": {
    "bg": 2.29
  },
  "mp-1188427": {
    "bg": 0.6900000000000001
  },
  "mp-1188804": {
    "bg": 3.73
  },
  "mp-1189729": {
    "bg": 1.04
  },
  "mp-1189914": {
    "bg": 3.28
  },
  "mp-1190100": {
    "bg": 0.9
  },
  "mp-1190141": {
    "bg": 2.03
  },
  "mp-1190476": {
    "bg": 2.36
  },
  "mp-1190588": {
    "bg": 4.59
  },
  "mp-1191101": {
    "bg": 3.742
  },
  "mp-1191240": {
    "bg": 4.24
  },
  "mp-1191333": {
    "bg": 4.2
  },
  "mp-1191826": {
    "bg": 2.26
  },
  "mp-1195032": {
    "bg": 3.62
  },
  "mp-1195251": {
    "bg": 2.0
  },
  "mp-1195664": {
    "bg": 2.1
  },
  "mp-1195822": {
    "bg": 1.15
  },
  "mp-1195954": {
    "bg": 1.0
  },
  "mp-1196490": {
    "bg": 2.27
  },
  "mp-1196663": {
    "bg": 2.32
  },
  "mp-1196943": {
    "bg": 3.4
  },
  "mp-1200744": {
    "bg": 4.76
  },
  "mp-1201027": {
    "bg": 2.9
  },
  "mp-1202506": {
    "bg": 1.22
  },
  "mp-1202829": {
    "bg": 1.43
  },
  "mp-1203584": {
    "bg": 2.14
  },
  "mp-1204377": {
    "bg": 3.03
  },
  "mp-1211763": {
    "bg": 3.04
  },
  "mp-1211873": {
    "bg": 1.61
  },
  "mp-1217322": {
    "bg": 1.58
  },
  "mp-1219458": {
    "bg": 0.5
  },
  "mp-1219751": {
    "bg": 0.93
  },
  "mp-1223584": {
    "bg": 1.21
  },
  "mp-1227335": {
    "bg": 0.92
  },
  "mp-1228557": {
    "bg": 3.4
  },
  "mp-1229044": {
    "bg": 2.56
  },
  "mp-1238804": {
    "bg": 3.44
  },
  "mp-12532": {
    "bg": 3.02
  },
  "mp-1266": {
    "bg": 2.0
  },
  "mp-1270": {
    "bg": 2.955
  },
  "mp-1271821": {
    "bg": 1.82
  },
  "mp-13900": {
    "bg": 3.3
  },
  "mp-13944": {
    "bg": 4.4
  },
  "mp-14659": {
    "bg": 1.62
  },
  "mp-1500": {
    "bg": 3.67
  },
  "mp-17254": {
    "bg": 1.88
  },
  "mp-1747": {
    "bg": 1.9
  },
  "mp-17904": {
    "bg": 3.0
  },
  "mp-18006": {
    "bg": 2.08
  },
  "mp-18331": {
    "bg": 3.2
  },
  "mp-18531": {
    "bg": 2.26
  },
  "mp-18664": {
    "bg": 2.385
  },
  "mp-18783": {
    "bg": 2.42
  },
  "mp-18968": {
    "bg": 3.15
  },
  "mp-19097": {
    "bg": 2.35
  },
  "mp-19387": {
    "bg": 3.7
  },
  "mp-19407": {
    "bg": 2.69
  },
  "mp-19474": {
    "bg": 3.22
  },
  "mp-19935": {
    "bg": 1.69
  },
  "mp-22341": {
    "bg": 2.08
  },
  "mp-22483": {
    "bg": 1.6
  },
  "mp-22849": {
    "bg": 1.8
  },
  "mp-23029": {
    "bg": 2.0
  },
  "mp-23041": {
    "bg": 1.86
  },
  "mp-2319": {
    "bg": 1.13
  },
  "mp-23237": {
    "bg": 3.94
  },
  "mp-23290": {
    "bg": 0.5
  },
  "mp-23405": {
    "bg": 2.12
  },
  "mp-23703": {
    "bg": 2.76
  },
  "mp-24354": {
    "bg": 4.8100000000000005
  },
  "mp-2490": {
    "bg": 2.26
  },
  "mp-2657": {
    "bg": 3.02
  },
  "mp-2718": {
    "bg": 1.82
  },
  "mp-27384": {
    "bg": 3.26
  },
  "mp-27726": {
    "bg": 1.8695
  },
  "mp-27770": {
    "bg": 1.18
  },
  "mp-27998": {
    "bg": 4.1
  },
  "mp-28240": {
    "bg": 3.35
  },
  "mp-28549": {
    "bg": 4.745
  },
  "mp-29502": {
    "bg": 2.5
  },
  "mp-2979": {
    "bg": 3.2
  },
  "mp-2980": {
    "bg": 3.65
  },
  "mp-31076": {
    "bg": 2.06
  },
  "mp-34185": {
    "bg": 2.9
  },
  "mp-35493": {
    "bg": 3.6
  },
  "mp-36111": {
    "bg": 2.43
  },
  "mp-3731": {
    "bg": 3.875
  },
  "mp-390": {
    "bg": 3.2
  },
  "mp-3922": {
    "bg": 1.45
  },
  "mp-3924": {
    "bg": 3.16
  },
  "mp-4156": {
    "bg": 4.74
  },
  "mp-4438": {
    "bg": 4.3
  },
  "mp-4452": {
    "bg": 3.44
  },
  "mp-4515": {
    "bg": 1.93
  },
  "mp-4627": {
    "bg": 0.6000000000000001
  },
  "mp-510347": {
    "bg": 1.55
  },
  "mp-5342": {
    "bg": 1.66
  },
  "mp-5387": {
    "bg": 4.3
  },
  "mp-540574": {
    "bg": 2.56
  },
  "mp-542810": {
    "bg": 2.4
  },
  "mp-547792": {
    "bg": 4.76
  },
  "mp-549589": {
    "bg": 1.5
  },
  "mp-553969": {
    "bg": 2.22
  },
  "mp-555186": {
    "bg": 2.87
  },
  "mp-555269": {
    "bg": 2.1125
  },
  "mp-556850": {
    "bg": 1.0
  },
  "mp-557441": {
    "bg": 2.52
  },
  "mp-557466": {
    "bg": 3.94
  },
  "mp-557543": {
    "bg": 5.0
  },
  "mp-558323": {
    "bg": 2.57
  },
  "mp-559703": {
    "bg": 3.81
  },
  "mp-559736": {
    "bg": 1.97
  },
  "mp-560086": {
    "bg": 2.62
  },
  "mp-560163": {
    "bg": 4.8
  },
  "mp-560338": {
    "bg": 1.53
  },
  "mp-561533": {
    "bg": 3.0
  },
  "mp-565814": {
    "bg": 2.2
  },
  "mp-5693": {
    "bg": 0.89
  },
  "mp-573581": {
    "bg": 1.91
  },
  "mp-5795": {
    "bg": 3.25
  },
  "mp-5837": {
    "bg": 4.08
  },
  "mp-5999": {
    "bg": 2.8
  },
  "mp-628185": {
    "bg": 2.2
  },
  "mp-6325": {
    "bg": 4.28
  },
  "mp-634101": {
    "bg": 2.565
  },
  "mp-6457": {
    "bg": 4.66
  },
  "mp-6548": {
    "bg": 3.05
  },
  "mp-6565": {
    "bg": 4.681
  },
  "mp-66": {
    "bg": 3.15
  },
  "mp-669509": {
    "bg": 2.63
  },
  "mp-674333": {
    "bg": 2.2
  },
  "mp-6798": {
    "bg": 2.45
  },
  "mp-726": {
    "bg": 4.77
  },
  "mp-752613": {
    "bg": 2.93
  },
  "mp-776110": {
    "bg": 3.1
  },
  "mp-776470": {
    "bg": 0.815
  },
  "mp-804": {
    "bg": 3.4
  },
  "mp-830": {
    "bg": 3.3
  },
  "mp-8361": {
    "bg": 3.94
  },
  "mp-8624": {
    "bg": 2.75
  },
  "mp-866301": {
    "bg": 2.7
  },
  "mp-8684": {
    "bg": 1.77
  },
  "mp-8755": {
    "bg": 2.12
  },
  "mp-8830": {
    "bg": 1.33
  },
  "mp-9028": {
    "bg": 4.0
  },
  "mp-9437": {
    "bg": 0.53
  },
  "mp-9481": {
    "bg": 0.9
  },
  "mp-966800": {
    "bg": 1.35
  },
  "mp-973391": {
    "bg": 2.27
  },
  "mp-9890": {
    "bg": 3.44
  },
  "mp-999289": {
    "bg": 1.18
  }
}