{
  "mp-1009755": {
    "bg": 1.0
  },
  "mp-1009820": {
    "bg": 2.1
  },
  "mp-1016200": {
    "bg": 1.95
  },
  "mp-1022": {
    "bg": 2.1
  },
  "mp-1048391": {
    "bg": 2.18
  },
  "mp-1066781": {
    "bg": 2.94
  },
  "mp-1078132": {
    "bg": 0.7000000000000001
  },
  "mp-1078295": {
    "bg": 3.08
  },
  "mp-1078405": {
    "bg": 1.75
  },
  "mp-1096940": {
    "bg": 3.4
  },
  "mp-1102857": {
    "bg": 0.5
  },
  "mp-1105201": {
    "bg": 2.13
  },
  "mp-1105692": {
    "bg": 1.57
  },
  "mp-1106376": {
    "bg": 0.7000000000000001
  },
  "mp-11123": {
    "bg": 2.54
  },
  "mp-1112501": {
    "bg": 1.37
  },
  "mp-11582": {
    "bg": 3.34
  },
  "mp-1188364": {
    "bg": 2.05
  },
  "mp-1188784": {
    "bg": 3.26
  },
  "mp-1189383": {
    "bg": 3.1
  },
  "mp-1189598": {
    "bg": 2.88
  },
  "mp-1191817": {
    "bg": 2.54
  },
  "mp-1192376": {
    "bg": 0.57
  },
  "mp-1192413": {
    "bg": 3.9
  },
  "mp-1192640": {
    "bg": 3.56
  },
  "mp-1194545": {
    "bg": 2.4
  },
  "mp-1194610": {
    "bg": 4.405
  },
  "mp-1195298": {
    "bg": 0.97
  },
  "mp-1195344": {
    "bg": 2.16
  },
  "mp-1195363": {
    "bg": 2.62
  },
  "mp-1195395": {
    "bg": 2.3
  },
  "mp-1195594": {
    "bg": 2.31
  },
  "mp-1195772": {
    "bg": 1.15
  },
  "mp-1196712": {
    "bg": 2.58
  },
  "mp-1198053": {
    "bg": 2.5
  },
  "mp-1198509": {
    "bg": 4.1
  },
  "mp-1199088": {
    "bg": 3.51
  },
  "mp-1199482": {
    "bg": 1.33
  },
  "mp-1199715": {
    "bg": 2.2
  },
  "mp-1200554": {
    "bg": 4.06
  },
  "mp-1200759": {
    "bg": 3.0
  },
  "mp-1200791": {
    "bg": 4.22
  },
  "mp-1200969": {
    "bg": 3.64
  },
  "mp-1202434": {
    "bg": 3.46
  },
  "mp-1202576": {
    "bg": 2.44
  },
  "mp-1203526": {
    "bg": 1.825
  },
  "mp-1205352": {
    "bg": 1.735
  },
  "mp-1205371": {
    "bg": 3.205
  },
  "mp-1205803": {
    "bg": 2.5
  },
  "mp-1209072": {
    "bg": 1.84
  },
  "mp-1209215": {
    "bg": 2.61
  },
  "mp-1216202": {
    "bg": 0.88
  },
  "mp-12192": {
    "bg": 3.4
  },
  "mp-1220785": {
    "bg": 3.28
  },
  "mp-1222860": {
    "bg": 5.0
  },
  "mp-1223709": {
    "bg": 2.2
  },
  "mp-1225854": {
    "bg": 3.525
  },
  "mp-12385": {
    "bg": 3.5
  },
  "mp-12535": {
    "bg": 3.0
  },
  "mp-1288145": {
    "bg": 2.1
  },
  "mp-13282": {
    "bg": 2.0
  },
  "mp-14485": {
    "bg": 4.14
  },
  "mp-1477": {
    "bg": 1.3
  },
  "mp-1536": {
    "bg": 0.9
  },
  "mp-15776": {
    "bg": 1.72
  },
  "mp-1634": {
    "bg": 1.5
  },
  "mp-17360": {
    "bg": 3.84
  },
  "mp-17464": {
    "bg": 3.185
  },
  "mp-17612": {
    "bg": 4.2605
  },
  "mp-17953": {
    "bg": 2.19
  },
  "mp-18449": {
    "bg": 4.18
  },
  "mp-18625": {
    "bg": 2.16
  },
  "mp-18759": {
    "bg": 2.3
  },
  "mp-19131": {
    "bg": 3.05
  },
  "mp-19133": {
    "bg": 3.6
  },
  "mp-19142": {
    "bg": 1.8
  },
  "mp-19319": {
    "bg": 1.6
  },
  "mp-20078": {
    "bg": 1.67
  },
  "mp-20489": {
    "bg": 1.78
  },
  "mp-22232": {
    "bg": 1.295
  },
  "mp-2247": {
    "bg": 3.67
  },
  "mp-23153": {
    "bg": 1.6
  },
  "mp-23263": {
    "bg": 3.75
  },
  "mp-23384": {
    "bg": 4.1850000000000005
  },
  "mp-23704": {
    "bg": 4.8
  },
  "mp-252": {
    "bg": 2.895
  },
  "mp-27411": {
    "bg": 2.02
  },
  "mp-27488": {
    "bg": 2.1
  },
  "mp-27624": {
    "bg": 2.56
  },
  "mp-28007": {
    "bg": 1.93
  },
  "mp-28453": {
    "bg": 1.31
  },
  "mp-28517": {
    "bg": 1.86
  },
  "mp-2858": {
    "bg": 5.0
  },
  "mp-28914": {
    "bg": 2.19
  },
  "mp-29901": {
    "bg": 2.3
  },
  "mp-30311": {
    "bg": 3.13
  },
  "mp-3094": {
    "bg": 4.8
  },
  "mp-3488": {
    "bg": 3.51
  },
  "mp-35876": {
    "bg": 2.7
  },
  "mp-3647": {
    "bg": 3.635
  },
  "mp-38970": {
    "bg": 1.65
  },
  "mp-3963": {
    "bg": 4.9
  },
  "mp-4043": {
    "bg": 2.45
  },
  "mp-422": {
    "bg": 4.17
  },
  "mp-4514": {
    "bg": 3.265
  },
  "mp-4591": {
    "bg": 3.94
  },
  "mp-4842": {
    "bg": 3.5
  },
  "mp-4975": {
    "bg": 3.6825
  },
  "mp-4979": {
    "bg": 3.35
  },
  "mp-4988": {
    "bg": 1.3
  },
  "mp-5045": {
    "bg": 2.23
  },
  "mp-504554": {
    "bg": 4.0
  },
  "mp-5238": {
    "bg": 2.39
  },
  "mp-5373": {
    "bg": 2.75
  },
  "mp-540625": {
    "bg": 2.03
  },
  "mp-541897": {
    "bg": 2.58
  },
  "mp-546790": {
    "bg": 2.31
  },
  "mp-5504": {
    "bg": 4.61
  },
  "mp-552185": {
    "bg": 1.86
  },
  "mp-5532": {
    "bg": 2.56
  },
  "mp-554782": {
    "bg": 3.65
  },
  "mp-555587": {
    "bg": 2.59
  },
  "mp-556627": {
    "bg": 0.8
  },
  "mp-558751": {
    "bg": 3.08
  },
  "mp-559093": {
    "bg": 1.8
  },
  "mp-559171": {
    "bg": 3.3
  },
  "mp-561103": {
    "bg": 3.8
  },
  "mp-561536": {
    "bg": 2.916
  },
  "mp-562726": {
    "bg": 2.78
  },
  "mp-568394": {
    "bg": 0.56
  },
  "mp-568525": {
    "bg": 0.9
  },
  "mp-569571": {
    "bg": 0.9
  },
  "mp-570757": {
    "bg": 0.8
  },
  "mp-5782": {
    "bg": 3.13
  },
  "mp-5977": {
    "bg": 3.75
  },
  "mp-624": {
    "bg": 1.51
  },
  "mp-629458": {
    "bg": 1.7000000000000002
  },
  "mp-638078": {
    "bg": 2.12
  },
  "mp-6396": {
    "bg": 2.725
  },
  "mp-672289": {
    "bg": 2.595
  },
  "mp-7090": {
    "bg": 1.04
  },
  "mp-715584": {
    "bg": 3.0
  },
  "mp-7375": {
    "bg": 3.24
  },
  "mp-755225": {
    "bg": 4.74
  },
  "mp-755231": {
    "bg": 2.0
  },
  "mp-756297": {
    "bg": 1.23
  },
  "mp-758562": {
    "bg": 2.9
  },
  "mp-769396": {
    "bg": 3.8
  },
  "mp-778228": {
    "bg": 3.3
  },
  "mp-8017": {
    "bg": 2.06
  },
  "mp-8136": {
    "bg": 2.22
  },
  "mp-8291": {
    "bg": 3.03
  },
  "mp-861618": {
    "bg": 2.34
  },
  "mp-864638": {
    "bg": 1.55
  },
  "mp-866615": {
    "bg": 2.7
  },
  "mp-886": {
    "bg": 4.8
  },
  "mp-9509": {
    "bg": 2.63
  },
  "mp-9595": {
    "bg": 2.5
  },
  "mp-975275": {
    "bg": 1.0
  },
  "mp-984761": {
    "bg": 1.5
  },
  "mp-985591": {
    "bg": 2.12
  },
  "mp-9922": {
    "bg": 2.2
  },
  "mp-998552": {
    "bg": 3.0
  },
  "mp-998611": {
    "bg": 0.94
  }
}