{
  "mp-1045": {
    "bg": 3.875
  },
  "mp-1080650": {
    "bg": 2.7
  },
  "mp-1096782": {
    "bg": 1.0
  },
  "mp-1096940": {
    "bg": 3.4
  },
  "mp-11019": {
    "bg": 1.47
  },
  "mp-1102534": {
    "bg": 1.4
  },
  "mp-1102833": {
    "bg": 1.2
  },
  "mp-1103970": {
    "bg": 1.5
  },
  "mp-1105187": {
    "bg": 2.2
  },
  "mp-1105698": {
    "bg": 2.35
  },
  "mp-1106376": {
    "bg": 0.7000000000000001
  },
  "mp-1120739": {
    "bg": 3.2
  },
  "mp-1178577": {
    "bg": 2.44
  },
  "mp-1190145": {
    "bg": 2.7935
  },
  "mp-1190364": {
    "bg": 2.14
  },
  "mp-1190524": {
    "bg": 1.74
  },
  "mp-1191240": {
    "bg": 4.24
  },
  "mp-1191856": {
    "bg": 4.62
  },
  "mp-1192126": {
    "bg": 4.1
  },
  "mp-1192395": {
    "bg": 2.8
  },
  "mp-1192404": {
    "bg": 4.07
  },
  "mp-1192550": {
    "bg": 3.3
  },
  "mp-1192754": {
    "bg": 2.3
  },
  "mp-1193499": {
    "bg": 1.5
  },
  "mp-1194610": {
    "bg": 4.405
  },
  "mp-1195592": {
    "bg": 0.78
  },
  "mp-1195664": {
    "bg": 2.1
  },
  "mp-1195769": {
    "bg": 2.18
  },
  "mp-1196139": {
    "bg": 0.6499999999999999
  },
  "mp-1197728": {
    "bg": 3.52
  },
  "mp-1198687": {
    "bg": 2.01
  },
  "mp-1198818": {
    "bg": 3.7
  },
  "mp-1199702": {
    "bg": 2.55
  },
  "mp-1199743": {
    "bg": 2.16
  },
  "mp-1200193": {
    "bg": 3.15
  },
  "mp-1200210": {
    "bg": 2.13
  },
  "mp-1200758": {
    "bg": 2.87
  },
  "mp-1201027": {
    "bg": 2.9
  },
  "mp-1201497": {
    "bg": 1.73
  },
  "mp-1202829": {
    "bg": 1.43
  },
  "mp-1203387": {
    "bg": 2.51
  },
  "mp-1206068": {
    "bg": 1.5
  },
  "mp-1209316": {
    "bg": 2.33
  },
  "mp-1209358": {
    "bg": 2.21
  },
  "mp-1211314": {
    "bg": 1.02
  },
  "mp-1213120": {
    "bg": 1.92
  },
  "mp-1213805": {
    "bg": 1.05
  },
  "mp-1214622": {
    "bg": 3.02
  },
  "mp-1216132": {
    "bg": 2.38
  },
  "mp-1219182": {
    "bg": 0.51
  },
  "mp-1219458": {
    "bg": 0.5
  },
  "mp-1222368": {
    "bg": 2.505
  },
  "mp-1223642": {
    "bg": 1.84
  },
  "mp-1224946": {
    "bg": 3.0
  },
  "mp-1228486": {
    "bg": 2.12
  },
  "mp-1228703": {
    "bg": 1.8
  },
  "mp-1232659": {
    "bg": 3.75
  },
  "mp-1271821": {
    "bg": 1.82
  },
  "mp-1274279": {
    "bg": 2.0
  },
  "mp-15221": {
    "bg": 2.64
  },
  "mp-15649": {
    "bg": 1.0
  },
  "mp-1582": {
    "bg": 4.5
  },
  "mp-15900": {
    "bg": 2.4
  },
  "mp-17172": {
    "bg": 1.6
  },
  "mp-17272": {
    "bg": 2.0
  },
  "mp-18759": {
    "bg": 2.3
  },
  "mp-19146": {
    "bg": 2.25
  },
  "mp-19219": {
    "bg": 3.9
  },
  "mp-19313": {
    "bg": 1.89
  },
  "mp-20282": {
    "bg": 2.55
  },
  "mp-20289": {
    "bg": 2.585
  },
  "mp-2030": {
    "bg": 1.55
  },
  "mp-20489": {
    "bg": 1.78
  },
  "mp-20783": {
    "bg": 2.375
  },
  "mp-209": {
    "bg": 1.66
  },
  "mp-20944": {
    "bg": 1.75
  },
  "mp-22024": {
    "bg": 3.1
  },
  "mp-22885": {
    "bg": 3.035
  },
  "mp-22950": {
    "bg": 4.8
  },
  "mp-23032": {
    "bg": 2.6
  },
  "mp-23153": {
    "bg": 1.6
  },
  "mp-23185": {
    "bg": 2.6
  },
  "mp-23237": {
    "bg": 3.94
  },
  "mp-23357": {
    "bg": 2.87
  },
  "mp-23703": {
    "bg": 2.76
  },
  "mp-2383161": {
    "bg": 2.7
  },
  "mp-2507": {
    "bg": 2.5
  },
  "mp-2624": {
    "bg": 1.62
  },
  "mp-27383": {
    "bg": 1.47
  },
  "mp-27384": {
    "bg": 3.26
  },
  "mp-277": {
    "bg": 1.6
  },
  "mp-27922": {
    "bg": 1.5
  },
  "mp-28013": {
    "bg": 4.220000000000001
  },
  "mp-28070": {
    "bg": 1.43
  },
  "mp-28290": {
    "bg": 3.3
  },
  "mp-2831941": {
    "bg": 2.52
  },
  "mp-2879": {
    "bg": 4.1
  },
  "mp-29044": {
    "bg": 1.81
  },
  "mp-29179": {
    "bg": 2.9
  },
  "mp-29751": {
    "bg": 1.7
  },
  "mp-3094": {
    "bg": 4.8
  },
  "mp-3187": {
    "bg": 2.585
  },
  "mp-3196": {
    "bg": 2.653
  },
  "mp-32777": {
    "bg": 2.76
  },
  "mp-3285": {
    "bg": 3.3
  },
  "mp-34185": {
    "bg": 2.9
  },
  "mp-35909": {
    "bg": 1.77
  },
  "mp-361": {
    "bg": 2.1
  },
  "mp-3748": {
    "bg": 3.87
  },
  "mp-3858": {
    "bg": 4.0
  },
  "mp-3934": {
    "bg": 2.3
  },
  "mp-4056": {
    "bg": 4.45
  },
  "mp-4156": {
    "bg": 4.74
  },
  "mp-4200": {
    "bg": 4.255000000000001
  },
  "mp-4280": {
    "bg": 3.6
  },
  "mp-4287": {
    "bg": 4.7
  },
  "mp-4309": {
    "bg": 3.54
  },
  "mp-4704": {
    "bg": 2.6
  },
  "mp-5038": {
    "bg": 3.305
  },
  "mp-5193": {
    "bg": 1.0
  },
  "mp-539": {
    "bg": 2.99
  },
  "mp-540703": {
    "bg": 4.035
  },
  "mp-542435": {
    "bg": 2.9
  },
  "mp-542570": {
    "bg": 1.215
  },
  "mp-546790": {
    "bg": 2.31
  },
  "mp-5504": {
    "bg": 4.61
  },
  "mp-557": {
    "bg": 3.5
  },
  "mp-557466": {
    "bg": 3.94
  },
  "mp-558760": {
    "bg": 1.53
  },
  "mp-559459": {
    "bg": 3.4
  },
  "mp-560163": {
    "bg": 4.8
  },
  "mp-560717": {
    "bg": 2.3
  },
  "mp-561075": {
    "bg": 1.52
  },
  "mp-562726": {
    "bg": 2.78
  },
  "mp-565814": {
    "bg": 2.2
  },
  "mp-567318": {
    "bg": 0.82
  },
  "mp-567386": {
    "bg": 2.48
  },
  "mp-567968": {
    "bg": 0.73
  },
  "mp-569152": {
    "bg": 3.8
  },
  "mp-569548": {
    "bg": 1.6
  },
  "mp-571020": {
    "bg": 3.3
  },
  "mp-571171": {
    "bg": 1.83
  },
  "mp-581217": {
    "bg": 3.7
  },
  "mp-581967": {
    "bg": 3.4
  },
  "mp-5977": {
    "bg": 3.75
  },
  "mp-619461": {
    "bg": 2.73
  },
  "mp-629458": {
    "bg": 1.7000000000000002
  },
  "mp-644514": {
    "bg": 2.0
  },
  "mp-6457": {
    "bg": 4.66
  },
  "mp-649774": {
    "bg": 1.3
  },
  "mp-674333": {
    "bg": 2.2
  },
  "mp-683902": {
    "bg": 1.5
  },
  "mp-7204": {
    "bg": 3.7
  },
  "mp-7394": {
    "bg": 1.7
  },
  "mp-755225": {
    "bg": 4.74
  },
  "mp-757233": {
    "bg": 2.68
  },
  "mp-760510": {
    "bg": 3.17
  },
  "mp-7944": {
    "bg": 0.8200000000000001
  },
  "mp-8136": {
    "bg": 2.22
  },
  "mp-8377": {
    "bg": 3.7
  },
  "mp-8426": {
    "bg": 2.035
  },
  "mp-849286": {
    "bg": 4.13
  },
  "mp-9028": {
    "bg": 4.0
  },
  "mp-909": {
    "bg": 1.76
  },
  "mp-9595": {
    "bg": 2.5
  },
  "mp-974307": {
    "bg": 2.26
  },
  "mp-983565": {
    "bg": 2.315
  },
  "mp-984519": {
    "bg": 1.73
  },
  "mp-989524": {
    "bg": 1.5405
  },
  "mp-995198": {
    "bg": 2.2
  },
  "mp-999265": {
    "bg": 4.0
  }
}