{
  "mp-10182": {
    "bg": 2.04
  },
  "mp-1019602": {
    "bg": 4.13
  },
  "mp-10782": {
    "bg": 2.5
  },
  "mp-1078217": {
    "bg": 0.88
  },
  "mp-1078469": {
    "bg": 1.67
  },
  "mp-1078724": {
    "bg": 1.105
  },
  "mp-1079630": {
    "bg": 4.17
  },
  "mp-1095255": {
    "bg": 1.96
  },
  "mp-1095429": {
    "bg": 2.37
  },
  "mp-11025": {
    "bg": 1.75
  },
  "mp-1103679": {
    "bg": 2.3
  },
  "mp-1103709": {
    "bg": 3.35
  },
  "mp-1104469": {
    "bg": 2.13
  },
  "mp-1104544": {
    "bg": 2.43
  },
  "mp-1105127": {
    "bg": 0.53
  },
  "mp-11124": {
    "bg": 2.485
  },
  "mp-1112887": {
    "bg": 1.0
  },
  "mp-1112940": {
    "bg": 2.54
  },
  "mp-1189339": {
    "bg": 1.92
  },
  "mp-1189914": {
    "bg": 3.28
  },
  "mp-1190138": {
    "bg": 2.87
  },
  "mp-1190487": {
    "bg": 2.93
  },
  "mp-1190528": {
    "bg": 2.6
  },
  "mp-1190698": {
    "bg": 2.04
  },
  "mp-1191111": {
    "bg": 3.44
  },
  "mp-1192526": {
    "bg": 3.4
  },
  "mp-1192562": {
    "bg": 3.66
  },
  "mp-1192770": {
    "bg": 2.45
  },
  "mp-1194705": {
    "bg": 1.9
  },
  "mp-1194706": {
    "bg": 3.6
  },
  "mp-1194714": {
    "bg": 3.02
  },
  "mp-1194904": {
    "bg": 3.25
  },
  "mp-1195304": {
    "bg": 2.34
  },
  "mp-1195309": {
    "bg": 1.39
  },
  "mp-1195582": {
    "bg": 2.3
  },
  "mp-1195954": {
    "bg": 1.0
  },
  "mp-1196123": {
    "bg": 0.7000000000000001
  },
  "mp-1196183": {
    "bg": 2.13
  },
  "mp-1196984": {
    "bg": 2.38
  },
  "mp-1197632": {
    "bg": 2.47
  },
  "mp-1198053": {
    "bg": 2.5
  },
  "mp-1198509": {
    "bg": 4.1
  },
  "mp-1199321": {
    "bg": 2.2
  },
  "mp-1199715": {
    "bg": 2.2
  },
  "mp-1201443": {
    "bg": 3.22
  },
  "mp-1202414": {
    "bg": 1.98
  },
  "mp-1203404": {
    "bg": 3.06
  },
  "mp-1203584": {
    "bg": 2.14
  },
  "mp-1204192": {
    "bg": 3.16
  },
  "mp-1204836": {
    "bg": 3.88
  },
  "mp-1204879": {
    "bg": 2.66
  },
  "mp-1205371": {
    "bg": 3.205
  },
  "mp-1206514": {
    "bg": 1.33
  },
  "mp-1214793": {
    "bg": 1.3
  },
  "mp-1215990": {
    "bg": 2.71
  },
  "mp-1216491": {
    "bg": 0.76
  },
  "mp-1218879": {
    "bg": 4.11
  },
  "mp-1222860": {
    "bg": 5.0
  },
  "mp-1223442": {
    "bg": 2.28
  },
  "mp-1223463": {
    "bg": 3.26
  },
  "mp-1224070": {
    "bg": 3.4
  },
  "mp-1224229": {
    "bg": 3.1500000000000004
  },
  "mp-1225654": {
    "bg": 3.306
  },
  "mp-1225854": {
    "bg": 3.525
  },
  "mp-1228150": {
    "bg": 4.1
  },
  "mp-1238815": {
    "bg": 1.795
  },
  "mp-1246515": {
    "bg": 2.5
  },
  "mp-12532": {
    "bg": 3.02
  },
  "mp-12903": {
    "bg": 1.36
  },
  "mp-12954": {
    "bg": 3.61
  },
  "mp-1315": {
    "bg": 0.658
  },
  "mp-13334": {
    "bg": 3.05
  },
  "mp-1340": {
    "bg": 2.29
  },
  "mp-1392": {
    "bg": 1.42
  },
  "mp-13949": {
    "bg": 1.445
  },
  "mp-14485": {
    "bg": 4.14
  },
  "mp-149": {
    "bg": 1.12
  },
  "mp-15201": {
    "bg": 2.7
  },
  "mp-1559": {
    "bg": 2.03
  },
  "mp-1602": {
    "bg": 2.95
  },
  "mp-17254": {
    "bg": 1.88
  },
  "mp-17360": {
    "bg": 3.84
  },
  "mp-18331": {
    "bg": 3.2
  },
  "mp-18685": {
    "bg": 2.5
  },
  "mp-18844": {
    "bg": 1.67
  },
  "mp-19046": {
    "bg": 1.04
  },
  "mp-19131": {
    "bg": 3.05
  },
  "mp-19142": {
    "bg": 1.8
  },
  "mp-1943": {
    "bg": 2.103
  },
  "mp-20678": {
    "bg": 3.69
  },
  "mp-20790": {
    "bg": 3.12
  },
  "mp-21459": {
    "bg": 1.91
  },
  "mp-22232": {
    "bg": 1.295
  },
  "mp-22410": {
    "bg": 3.7
  },
  "mp-22858": {
    "bg": 2.867
  },
  "mp-22914": {
    "bg": 3.17
  },
  "mp-23197": {
    "bg": 2.1
  },
  "mp-23356": {
    "bg": 3.02
  },
  "mp-2490654": {
    "bg": 1.93
  },
  "mp-25423": {
    "bg": 1.75
  },
  "mp-27178": {
    "bg": 2.6
  },
  "mp-27678": {
    "bg": 1.14
  },
  "mp-27954": {
    "bg": 4.565
  },
  "mp-28860": {
    "bg": 2.2
  },
  "mp-28885": {
    "bg": 0.94
  },
  "mp-29530": {
    "bg": 2.63
  },
  "mp-2980": {
    "bg": 3.65
  },
  "mp-31760": {
    "bg": 2.18
  },
  "mp-3466": {
    "bg": 3.8
  },
  "mp-35493": {
    "bg": 3.6
  },
  "mp-36358": {
    "bg": 2.55
  },
  "mp-3785": {
    "bg": 0.95
  },
  "mp-3887": {
    "bg": 4.275
  },
  "mp-4175": {
    "bg": 1.3199999999999998
  },
  "mp-4199": {
    "bg": 0.98
  },
  "mp-4236": {
    "bg": 2.2
  },
  "mp-438": {
    "bg": 2.65
  },
  "mp-4730": {
    "bg": 1.95
  },
  "mp-4770": {
    "bg": 1.6
  },
  "mp-4809": {
    "bg": 2.84
  },
  "mp-504591": {
    "bg": 3.81
  },
  "mp-531826": {
    "bg": 2.3
  },
  "mp-541289": {
    "bg": 2.9
  },
  "mp-5414": {
    "bg": 1.71
  },
  "mp-545820": {
    "bg": 2.55
  },
  "mp-554408": {
    "bg": 2.04
  },
  "mp-556541": {
    "bg": 1.8
  },
  "mp-557683": {
    "bg": 2.6
  },
  "mp-557920": {
    "bg": 3.43
  },
  "mp-559200": {
    "bg": 2.05
  },
  "mp-559489": {
    "bg": 4.95
  },
  "mp-560158": {
    "bg": 3.2
  },
  "mp-560340": {
    "bg": 1.342
  },
  "mp-560964": {
    "bg": 2.2
  },
  "mp-567910": {
    "bg": 1.89
  },
  "mp-568263": {
    "bg": 2.0
  },
  "mp-571102": {
    "bg": 2.815
  },
  "mp-574040": {
    "bg": 1.4049999999999998
  },
  "mp-5795": {
    "bg": 3.25
  },
  "mp-5878": {
    "bg": 4.3805
  },
  "mp-5909": {
    "bg": 4.5
  },
  "mp-6565": {
    "bg": 4.681
  },
  "mp-672289": {
    "bg": 2.595
  },
  "mp-680380": {
    "bg": 4.4
  },
  "mp-683903": {
    "bg": 1.35
  },
  "mp-684036": {
    "bg": 3.41
  },
  "mp-686465": {
    "bg": 3.2
  },
  "mp-754815": {
    "bg": 2.5
  },
  "mp-7575": {
    "bg": 1.945
  },
  "mp-758560": {
    "bg": 1.23
  },
  "mp-781604": {
    "bg": 0.6
  },
  "mp-7950": {
    "bg": 1.65
  },
  "mp-8216": {
    "bg": 1.67
  },
  "mp-856": {
    "bg": 3.6
  },
  "mp-927": {
    "bg": 1.455
  },
  "mp-947": {
    "bg": 1.8
  },
  "mp-9509": {
    "bg": 2.63
  },
  "mp-9763": {
    "bg": 2.8200000000000003
  },
  "mp-9770": {
    "bg": 1.45
  },
  "mp-997618": {
    "bg": 2.6
  }
}