{
  "mp-1002164": {
    "bg": 2.09
  },
  "mp-1008785": {
    "bg": 2.3
  },
  "mp-1009820": {
    "bg": 2.1
  },
  "mp-1078132": {
    "bg": 0.7000000000000001
  },
  "mp-1078667": {
    "bg": 1.51
  },
  "mp-1103802": {
    "bg": 4.24
  },
  "mp-1105201": {
    "bg": 2.13
  },
  "mp-1105337": {
    "bg": 2.5
  },
  "mp-1105573": {
    "bg": 1.12
  },
  "mp-1113264": {
    "bg": 1.75
  },
  "mp-1188267": {
    "bg": 2.98
  },
  "mp-1188427": {
    "bg": 0.6900000000000001
  },
  "mp-1189528": {
    "bg": 3.645
  },
  "mp-1190": {
    "bg": 2.7
  },
  "mp-1190380": {
    "bg": 2.0
  },
  "mp-1190564": {
    "bg": 4.05
  },
  "mp-1190588": {
    "bg": 4.59
  },
  "mp-1191476": {
    "bg": 3.45
  },
  "mp-1191903": {
    "bg": 3.61
  },
  "mp-1192203": {
    "bg": 2.93
  },
  "mp-1192358": {
    "bg": 3.64
  },
  "mp-1192376": {
    "bg": 0.57
  },
  "mp-1192446": {
    "bg": 3.76
  },
  "mp-1192530": {
    "bg": 4.39
  },
  "mp-1194436": {
    "bg": 1.29
  },
  "mp-1194749": {
    "bg": 2.31
  },
  "mp-1195471": {
    "bg": 4.15
  },
  "mp-1195788": {
    "bg": 3.3
  },
  "mp-1197024": {
    "bg": 2.54
  },
  "mp-1197203": {
    "bg": 2.32
  },
  "mp-1198022": {
    "bg": 0.7
  },
  "mp-1198248": {
    "bg": 1.5
  },
  "mp-1201413": {
    "bg": 2.62
  },
  "mp-1203413": {
    "bg": 3.035
  },
  "mp-1205397": {
    "bg": 2.31
  },
  "mp-1205400": {
    "bg": 1.37
  },
  "mp-1209628": {
    "bg": 1.88
  },
  "mp-1214816": {
    "bg": 1.05
  },
  "mp-1216625": {
    "bg": 3.145
  },
  "mp-1224757": {
    "bg": 1.42
  },
  "mp-1227335": {
    "bg": 0.92
  },
  "mp-1228659": {
    "bg": 2.75
  },
  "mp-1229044": {
    "bg": 2.56
  },
  "mp-1229254": {
    "bg": 3.25
  },
  "mp-12306": {
    "bg": 2.3
  },
  "mp-1245025": {
    "bg": 4.89
  },
  "mp-1250007": {
    "bg": 1.74
  },
  "mp-1253": {
    "bg": 1.843
  },
  "mp-12535": {
    "bg": 3.0
  },
  "mp-1270": {
    "bg": 2.955
  },
  "mp-1346": {
    "bg": 2.0
  },
  "mp-1407369": {
    "bg": 2.0
  },
  "mp-15222": {
    "bg": 2.19
  },
  "mp-15223": {
    "bg": 2.19
  },
  "mp-15645": {
    "bg": 1.315
  },
  "mp-1569": {
    "bg": 2.0
  },
  "mp-1634": {
    "bg": 1.5
  },
  "mp-1672": {
    "bg": 4.465
  },
  "mp-17691": {
    "bg": 1.87
  },
  "mp-18337": {
    "bg": 3.8
  },
  "mp-18556": {
    "bg": 2.92
  },
  "mp-18783": {
    "bg": 2.42
  },
  "mp-18852": {
    "bg": 4.37
  },
  "mp-19039": {
    "bg": 3.2
  },
  "mp-19049": {
    "bg": 2.95
  },
  "mp-19133": {
    "bg": 3.6
  },
  "mp-19163": {
    "bg": 4.8
  },
  "mp-19318": {
    "bg": 3.26
  },
  "mp-19381": {
    "bg": 2.8
  },
  "mp-19455": {
    "bg": 1.96
  },
  "mp-20546": {
    "bg": 2.94
  },
  "mp-21179": {
    "bg": 2.9
  },
  "mp-21943": {
    "bg": 3.06
  },
  "mp-22408": {
    "bg": 2.45
  },
  "mp-22443": {
    "bg": 2.0
  },
  "mp-22791": {
    "bg": 0.86
  },
  "mp-22841": {
    "bg": 2.47
  },
  "mp-22963": {
    "bg": 2.17
  },
  "mp-23127": {
    "bg": 3.0
  },
  "mp-2319": {
    "bg": 1.13
  },
  "mp-23195": {
    "bg": 2.5
  },
  "mp-23262": {
    "bg": 2.8
  },
  "mp-23318": {
    "bg": 1.89
  },
  "mp-23380": {
    "bg": 2.4850000000000003
  },
  "mp-23383": {
    "bg": 2.19
  },
  "mp-23405": {
    "bg": 2.12
  },
  "mp-23480": {
    "bg": 2.75
  },
  "mp-2423265": {
    "bg": 1.0
  },
  "mp-2657": {
    "bg": 3.02
  },
  "mp-27161": {
    "bg": 3.28
  },
  "mp-27552": {
    "bg": 1.33
  },
  "mp-2758": {
    "bg": 4.42
  },
  "mp-27688": {
    "bg": 1.38
  },
  "mp-27770": {
    "bg": 1.18
  },
  "mp-27828": {
    "bg": 2.54
  },
  "mp-27966": {
    "bg": 2.685
  },
  "mp-28377": {
    "bg": 1.6
  },
  "mp-28517": {
    "bg": 1.86
  },
  "mp-2913080": {
    "bg": 2.66
  },
  "mp-29678": {
    "bg": 0.98
  },
  "mp-29711": {
    "bg": 0.68
  },
  "mp-2998": {
    "bg": 3.23
  },
  "mp-3175": {
    "bg": 3.55
  },
  "mp-3193": {
    "bg": 4.22
  },
  "mp-3307": {
    "bg": 3.2725
  },
  "mp-34141": {
    "bg": 2.85
  },
  "mp-3563": {
    "bg": 3.81
  },
  "mp-3595": {
    "bg": 1.636
  },
  "mp-3614": {
    "bg": 3.65
  },
  "mp-3677": {
    "bg": 4.3
  },
  "mp-3742": {
    "bg": 1.86
  },
  "mp-3789": {
    "bg": 4.955
  },
  "mp-3870": {
    "bg": 2.15
  },
  "mp-390": {
    "bg": 3.2
  },
  "mp-4043": {
    "bg": 2.45
  },
  "mp-4438": {
    "bg": 4.3
  },
  "mp-4468": {
    "bg": 1.5
  },
  "mp-4531": {
    "bg": 2.92
  },
  "mp-4533": {
    "bg": 4.0
  },
  "mp-4591": {
    "bg": 3.94
  },
  "mp-4627": {
    "bg": 0.6000000000000001
  },
  "mp-473": {
    "bg": 0.77
  },
  "mp-505212": {
    "bg": 2.35
  },
  "mp-510011": {
    "bg": 2.0
  },
  "mp-5350": {
    "bg": 3.4
  },
  "mp-549589": {
    "bg": 1.5
  },
  "mp-552185": {
    "bg": 1.86
  },
  "mp-553910": {
    "bg": 2.0
  },
  "mp-554264": {
    "bg": 3.37
  },
  "mp-555874": {
    "bg": 1.6
  },
  "mp-556601": {
    "bg": 3.2
  },
  "mp-559186": {
    "bg": 3.53
  },
  "mp-559551": {
    "bg": 0.915
  },
  "mp-559864": {
    "bg": 1.8
  },
  "mp-560835": {
    "bg": 1.89
  },
  "mp-561132": {
    "bg": 2.85
  },
  "mp-568379": {
    "bg": 1.8
  },
  "mp-568855": {
    "bg": 2.25
  },
  "mp-569128": {
    "bg": 1.1
  },
  "mp-570324": {
    "bg": 2.14
  },
  "mp-570887": {
    "bg": 1.8
  },
  "mp-5777": {
    "bg": 3.2
  },
  "mp-5928": {
    "bg": 3.577
  },
  "mp-5986": {
    "bg": 3.12
  },
  "mp-602": {
    "bg": 1.03
  },
  "mp-607291": {
    "bg": 1.42
  },
  "mp-6270": {
    "bg": 2.42
  },
  "mp-6296": {
    "bg": 2.33
  },
  "mp-644203": {
    "bg": 3.17
  },
  "mp-6548": {
    "bg": 3.05
  },
  "mp-6564": {
    "bg": 3.75
  },
  "mp-686208": {
    "bg": 2.51
  },
  "mp-7129": {
    "bg": 2.19
  },
  "mp-7440": {
    "bg": 2.0340000000000003
  },
  "mp-7475": {
    "bg": 2.59
  },
  "mp-754329": {
    "bg": 3.0
  },
  "mp-755882": {
    "bg": 2.21
  },
  "mp-759307": {
    "bg": 2.91
  },
  "mp-761057": {
    "bg": 4.0
  },
  "mp-8818": {
    "bg": 1.7
  },
  "mp-9481": {
    "bg": 0.9
  },
  "mp-9510": {
    "bg": 2.2
  },
  "mp-976148": {
    "bg": 1.2
  },
  "mp-984761": {
    "bg": 1.5
  },
  "mp-985829": {
    "bg": 1.93
  },
  "mp-9922": {
    "bg": 2.2
  }
}