{
  "mp-1018040": {
    "bg": 4.1
  },
  "mp-1039": {
    "bg": 3.49
  },
  "mp-1048391": {
    "bg": 2.18
  },
  "mp-1070": {
    "bg": 1.74
  },
  "mp-1094040": {
    "bg": 2.9
  },
  "mp-11019": {
    "bg": 1.47
  },
  "mp-11020": {
    "bg": 2.2
  },
  "mp-11022": {
    "bg": 3.8
  },
  "mp-11714": {
    "bg": 3.2
  },
  "mp-1181313": {
    "bg": 4.145
  },
  "mp-1197728": {
    "bg": 3.52
  },
  "mp-1214816": {
    "bg": 1.05
  },
  "mp-13312": {
    "bg": 1.51
  },
  "mp-13548": {
    "bg": 1.5
  },
  "mp-14485": {
    "bg": 4.14
  },
  "mp-1634": {
    "bg": 1.5
  },
  "mp-17698": {
    "bg": 2.51
  },
  "mp-1821": {
    "bg": 1.565
  },
  "mp-18966": {
    "bg": 1.7000000000000002
  },
  "mp-19001": {
    "bg": 1.2
  },
  "mp-19131": {
    "bg": 3.05
  },
  "mp-1943": {
    "bg": 2.103
  },
  "mp-2133": {
    "bg": 3.33
  },
  "mp-224": {
    "bg": 1.8
  },
  "mp-2251": {
    "bg": 1.115
  },
  "mp-22894": {
    "bg": 2.63
  },
  "mp-22950": {
    "bg": 4.8
  },
  "mp-23029": {
    "bg": 2.0
  },
  "mp-23032": {
    "bg": 2.6
  },
  "mp-23263": {
    "bg": 3.75
  },
  "mp-2340": {
    "bg": 4.84
  },
  "mp-2507": {
    "bg": 2.5
  },
  "mp-2815": {
    "bg": 2.88
  },
  "mp-28549": {
    "bg": 4.745
  },
  "mp-28572": {
    "bg": 1.0
  },
  "mp-28752": {
    "bg": 2.47
  },
  "mp-28911": {
    "bg": 3.44
  },
  "mp-2918": {
    "bg": 3.5
  },
  "mp-29529": {
    "bg": 1.19
  },
  "mp-29751": {
    "bg": 1.7
  },
  "mp-32777": {
    "bg": 2.76
  },
  "mp-3642": {
    "bg": 3.3
  },
  "mp-3742": {
    "bg": 1.86
  },
  "mp-3744": {
    "bg": 1.5
  },
  "mp-3924": {
    "bg": 3.16
  },
  "mp-40674": {
    "bg": 4.5
  },
  "mp-4975": {
    "bg": 3.6825
  },
  "mp-505212": {
    "bg": 2.35
  },
  "mp-510011": {
    "bg": 2.0
  },
  "mp-541462": {
    "bg": 4.0
  },
  "mp-554293": {
    "bg": 2.0
  },
  "mp-557543": {
    "bg": 5.0
  },
  "mp-558323": {
    "bg": 2.57
  },
  "mp-560588": {
    "bg": 3.91
  },
  "mp-561103": {
    "bg": 3.8
  },
  "mp-567290": {
    "bg": 0.6
  },
  "mp-567503": {
    "bg": 2.32
  },
  "mp-568263": {
    "bg": 2.0
  },
  "mp-580941": {
    "bg": 2.775
  },
  "mp-602": {
    "bg": 1.03
  },
  "mp-6126": {
    "bg": 4.28
  },
  "mp-612740": {
    "bg": 1.3250000000000002
  },
  "mp-624214": {
    "bg": 1.8
  },
  "mp-672": {
    "bg": 2.4
  },
  "mp-6913": {
    "bg": 1.9
  },
  "mp-7140": {
    "bg": 3.33
  },
  "mp-7204": {
    "bg": 3.7
  },
  "mp-7631": {
    "bg": 2.86
  },
  "mp-804": {
    "bg": 3.4
  },
  "mp-841": {
    "bg": 4.5
  },
  "mp-9631": {
    "bg": 3.6
  },
  "mp-966800": {
    "bg": 1.35
  },
  "mp-988": {
    "bg": 5.0
  }
}