{
  "mp-1019967": {
    "bg": 3.915
  },
  "mp-1020712": {
    "bg": 3.875
  },
  "mp-1024073": {
    "bg": 3.325
  },
  "mp-1047075": {
    "bg": 1.89
  },
  "mp-1066781": {
    "bg": 2.94
  },
  "mp-1078217": {
    "bg": 0.88
  },
  "mp-10795": {
    "bg": 0.78
  },
  "mp-1080060": {
    "bg": 5.0
  },
  "mp-1095180": {
    "bg": 0.95
  },
  "mp-1095255": {
    "bg": 1.96
  },
  "mp-1095289": {
    "bg": 1.57
  },
  "mp-1103709": {
    "bg": 3.35
  },
  "mp-1104469": {
    "bg": 2.13
  },
  "mp-1104707": {
    "bg": 2.06
  },
  "mp-1105201": {
    "bg": 2.13
  },
  "mp-1105419": {
    "bg": 2.8
  },
  "mp-1105527": {
    "bg": 2.1
  },
  "mp-1105549": {
    "bg": 1.69
  },
  "mp-1105788": {
    "bg": 2.66
  },
  "mp-1105822": {
    "bg": 3.2
  },
  "mp-1106127": {
    "bg": 2.27
  },
  "mp-1106146": {
    "bg": 1.35
  },
  "mp-1106376": {
    "bg": 0.7000000000000001
  },
  "mp-11116": {
    "bg": 2.56
  },
  "mp-11123": {
    "bg": 2.54
  },
  "mp-11124": {
    "bg": 2.485
  },
  "mp-11321": {
    "bg": 4.6
  },
  "mp-11582": {
    "bg": 3.34
  },
  "mp-11604": {
    "bg": 2.17
  },
  "mp-1178513": {
    "bg": 3.1
  },
  "mp-1179114": {
    "bg": 1.3
  },
  "mp-11794": {
    "bg": 2.952
  },
  "mp-1180473": {
    "bg": 0.59
  },
  "mp-1180682": {
    "bg": 1.0
  },
  "mp-1180700": {
    "bg": 1.7
  },
  "mp-1188122": {
    "bg": 2.29
  },
  "mp-1188304": {
    "bg": 2.22
  },
  "mp-1188392": {
    "bg": 3.57
  },
  "mp-1188427": {
    "bg": 0.6900000000000001
  },
  "mp-1188784": {
    "bg": 3.26
  },
  "mp-1188804": {
    "bg": 3.73
  },
  "mp-1189242": {
    "bg": 2.81
  },
  "mp-1189339": {
    "bg": 1.92
  },
  "mp-1189383": {
    "bg": 3.1
  },
  "mp-1189598": {
    "bg": 2.88
  },
  "mp-1189614": {
    "bg": 3.0
  },
  "mp-1189860": {
    "bg": 1.35
  },
  "mp-1190093": {
    "bg": 2.2
  },
  "mp-1190380": {
    "bg": 2.0
  },
  "mp-1190388": {
    "bg": 3.29
  },
  "mp-1190487": {
    "bg": 2.93
  },
  "mp-1190528": {
    "bg": 2.6
  },
  "mp-1191266": {
    "bg": 3.0700000000000003
  },
  "mp-1191962": {
    "bg": 4.3
  },
  "mp-1192376": {
    "bg": 0.57
  },
  "mp-1192446": {
    "bg": 3.76
  },
  "mp-1192526": {
    "bg": 3.4
  },
  "mp-1192528": {
    "bg": 1.4
  },
  "mp-1192530": {
    "bg": 4.39
  },
  "mp-1192550": {
    "bg": 3.3
  },
  "mp-1192564": {
    "bg": 1.76
  },
  "mp-1192754": {
    "bg": 2.3
  },
  "mp-1193355": {
    "bg": 2.05
  },
  "mp-1194545": {
    "bg": 2.4
  },
  "mp-1194701": {
    "bg": 2.12
  },
  "mp-1194706": {
    "bg": 3.6
  },
  "mp-1194749": {
    "bg": 2.31
  },
  "mp-1194838": {
    "bg": 2.04
  },
  "mp-1194849": {
    "bg": 4.77
  },
  "mp-1194878": {
    "bg": 4.0
  },
  "mp-1194980": {
    "bg": 3.8
  },
  "mp-1195102": {
    "bg": 2.4
  },
  "mp-1195201": {
    "bg": 2.285
  },
  "mp-1195251": {
    "bg": 2.0
  },
  "mp-1195253": {
    "bg": 4.0
  },
  "mp-1195309": {
    "bg": 1.39
  },
  "mp-1195417": {
    "bg": 2.0
  },
  "mp-1195433": {
    "bg": 2.0
  },
  "mp-1195448": {
    "bg": 4.68
  },
  "mp-1195592": {
    "bg": 0.78
  },
  "mp-1195594": {
    "bg": 2.31
  },
  "mp-1195633": {
    "bg": 1.92
  },
  "mp-1195667": {
    "bg": 2.04
  },
  "mp-1195769": {
    "bg": 2.18
  },
  "mp-1195788": {
    "bg": 3.3
  },
  "mp-1195954": {
    "bg": 1.0
  },
  "mp-1196063": {
    "bg": 4.61
  },
  "mp-1196123": {
    "bg": 0.7000000000000001
  },
  "mp-1196300": {
    "bg": 1.83
  },
  "mp-1196301": {
    "bg": 1.6
  },
  "mp-1196438": {
    "bg": 2.3
  },
  "mp-1196490": {
    "bg": 2.27
  },
  "mp-1196712": {
    "bg": 2.58
  },
  "mp-1196917": {
    "bg": 2.9
  },
  "mp-1196943": {
    "bg": 3.4
  },
  "mp-1196950": {
    "bg": 3.79
  },
  "mp-1196984": {
    "bg": 2.38
  },
  "mp-1197022": {
    "bg": 1.8
  },
  "mp-1197024": {
    "bg": 2.54
  },
  "mp-1197203": {
    "bg": 2.32
  },
  "mp-1197632": {
    "bg": 2.47
  },
  "mp-1197947": {
    "bg": 0.7000000000000001
  },
  "mp-1198078": {
    "bg": 1.41
  },
  "mp-1198248": {
    "bg": 1.5
  },
  "mp-1198404": {
    "bg": 1.31
  },
  "mp-1198419": {
    "bg": 2.43
  },
  "mp-1198529": {
    "bg": 2.47
  },
  "mp-1198591": {
    "bg": 2.96
  },
  "mp-1198619": {
    "bg": 2.24
  },
  "mp-1198687": {
    "bg": 2.01
  },
  "mp-1199065": {
    "bg": 2.23
  },
  "mp-1199088": {
    "bg": 3.51
  },
  "mp-1199125": {
    "bg": 2.97
  },
  "mp-1199284": {
    "bg": 2.41
  },
  "mp-1199946": {
    "bg": 0.93
  },
  "mp-1200210": {
    "bg": 2.13
  },
  "mp-1200554": {
    "bg": 4.06
  },
  "mp-1200713": {
    "bg": 3.22
  },
  "mp-1200759": {
    "bg": 3.0
  },
  "mp-1200917": {
    "bg": 3.39
  },
  "mp-1200935": {
    "bg": 1.66
  },
  "mp-1200969": {
    "bg": 3.64
  },
  "mp-1201443": {
    "bg": 3.22
  },
  "mp-1201687": {
    "bg": 3.49
  },
  "mp-1201906": {
    "bg": 2.38
  },
  "mp-1202170": {
    "bg": 3.52
  },
  "mp-1202310": {
    "bg": 3.26
  },
  "mp-1202434": {
    "bg": 3.46
  },
  "mp-1202506": {
    "bg": 1.22
  },
  "mp-1202576": {
    "bg": 2.44
  },
  "mp-1202711": {
    "bg": 2.335
  },
  "mp-1202825": {
    "bg": 1.86
  },
  "mp-1202829": {
    "bg": 1.43
  },
  "mp-1203387": {
    "bg": 2.51
  },
  "mp-1203413": {
    "bg": 3.035
  },
  "mp-1203584": {
    "bg": 2.14
  },
  "mp-1203641": {
    "bg": 3.37
  },
  "mp-1203743": {
    "bg": 1.78
  },
  "mp-1204617": {
    "bg": 2.51
  },
  "mp-1204764": {
    "bg": 3.3
  },
  "mp-1204836": {
    "bg": 3.88
  },
  "mp-1204879": {
    "bg": 2.66
  },
  "mp-1205334": {
    "bg": 3.2
  },
  "mp-1205353": {
    "bg": 3.04
  },
  "mp-1205397": {
    "bg": 2.31
  },
  "mp-1205400": {
    "bg": 1.37
  },
  "mp-1206466": {
    "bg": 2.67
  },
  "mp-1209072": {
    "bg": 1.84
  },
  "mp-1209215": {
    "bg": 2.61
  },
  "mp-1211763": {
    "bg": 3.04
  },
  "mp-1218758": {
    "bg": 4.6
  },
  "mp-1219046": {
    "bg": 1.5
  },
  "mp-12192": {
    "bg": 3.4
  },
  "mp-1220785": {
    "bg": 3.28
  },
  "mp-1223463": {
    "bg": 3.26
  },
  "mp-1223584": {
    "bg": 1.21
  },
  "mp-1223709": {
    "bg": 2.2
  },
  "mp-1223734": {
    "bg": 2.2
  },
  "mp-1223975": {
    "bg": 3.25
  },
  "mp-1224": {
    "bg": 2.2
  },
  "mp-1224070": {
    "bg": 3.4
  },
  "mp-1225854": {
    "bg": 3.525
  },
  "mp-1225936": {
    "bg": 1.89
  },
  "mp-1227508": {
    "bg": 1.1
  },
  "mp-1228123": {
    "bg": 2.2
  },
  "mp-1228486": {
    "bg": 2.12
  },
  "mp-12306": {
    "bg": 2.3
  },
  "mp-1232659": {
    "bg": 3.75
  },
  "mp-12365": {
    "bg": 2.95
  },
  "mp-1247749": {
    "bg": 1.75
  },
  "mp-12491": {
    "bg": 1.55
  },
  "mp-12535": {
    "bg": 3.0
  },
  "mp-1270": {
    "bg": 2.955
  },
  "mp-13664": {
    "bg": 4.465
  },
  "mp-13872": {
    "bg": 0.97
  },
  "mp-1403": {
    "bg": 3.0
  },
  "mp-1403610": {
    "bg": 3.095
  },
  "mp-1407369": {
    "bg": 2.0
  },
  "mp-14577": {
    "bg": 2.58
  },
  "mp-1477": {
    "bg": 1.3
  },
  "mp-1509": {
    "bg": 1.175
  },
  "mp-15147": {
    "bg": 1.82
  },
  "mp-15148": {
    "bg": 1.96
  },
  "mp-15179": {
    "bg": 2.6
  },
  "mp-15219": {
    "bg": 1.85
  },
  "mp-1522": {
    "bg": 0.95
  },
  "mp-15221": {
    "bg": 2.64
  },
  "mp-15222": {
    "bg": 2.19
  },
  "mp-15223": {
    "bg": 2.19
  },
  "mp-15645": {
    "bg": 1.315
  },
  "mp-15998": {
    "bg": 1.45
  },
  "mp-1602": {
    "bg": 2.95
  },
  "mp-16179": {
    "bg": 1.795
  },
  "mp-16264": {
    "bg": 0.89
  },
  "mp-16818": {
    "bg": 2.37
  },
  "mp-17101": {
    "bg": 3.94
  },
  "mp-1714": {
    "bg": 0.88
  },
  "mp-1716": {
    "bg": 1.2
  },
  "mp-17172": {
    "bg": 1.6
  },
  "mp-17524": {
    "bg": 1.06
  },
  "mp-17612": {
    "bg": 4.2605
  },
  "mp-17691": {
    "bg": 1.87
  },
  "mp-17700": {
    "bg": 1.9
  },
  "mp-17715": {
    "bg": 4.49
  },
  "mp-17792": {
    "bg": 2.64
  },
  "mp-17835": {
    "bg": 1.47
  },
  "mp-17904": {
    "bg": 3.0
  },
  "mp-17945": {
    "bg": 2.18
  },
  "mp-17953": {
    "bg": 2.19
  },
  "mp-17964": {
    "bg": 2.31
  },
  "mp-18006": {
    "bg": 2.08
  },
  "mp-18101": {
    "bg": 2.75
  },