{
  "mp-1000": {
    "bg": 3.4
  },
  "mp-1002164": {
    "bg": 2.09
  },
  "mp-10044": {
    "bg": 1.39
  },
  "mp-1008785": {
    "bg": 2.3
  },
  "mp-1009750": {
    "bg": 0.92
  },
  "mp-1009755": {
    "bg": 1.0
  },
  "mp-1009820": {
    "bg": 2.1
  },
  "mp-10159": {
    "bg": 1.4
  },
  "mp-10182": {
    "bg": 2.04
  },
  "mp-1020633": {
    "bg": 3.827
  },
  "mp-1022": {
    "bg": 2.1
  },
  "mp-10378": {
    "bg": 1.6
  },
  "mp-1045": {
    "bg": 3.875
  },
  "mp-1056": {
    "bg": 0.95
  },
  "mp-1069538": {
    "bg": 1.77
  },
  "mp-10748": {
    "bg": 3.0
  },
  "mp-1078250": {
    "bg": 1.95
  },
  "mp-1078258": {
    "bg": 2.44
  },
  "mp-1079630": {
    "bg": 4.17
  },
  "mp-1087": {
    "bg": 4.779999999999999
  },
  "mp-1095618": {
    "bg": 1.06
  },
  "mp-1096782": {
    "bg": 1.0
  },
  "mp-1096926": {
    "bg": 3.3
  },
  "mp-1102429": {
    "bg": 1.335
  },
  "mp-1102443": {
    "bg": 0.5
  },
  "mp-1112176": {
    "bg": 2.5
  },
  "mp-1112501": {
    "bg": 1.37
  },
  "mp-1112659": {
    "bg": 1.66
  },
  "mp-1112887": {
    "bg": 1.0
  },
  "mp-1112889": {
    "bg": 0.99
  },
  "mp-1112940": {
    "bg": 2.54
  },
  "mp-1112943": {
    "bg": 1.64
  },
  "mp-1112980": {
    "bg": 3.05
  },
  "mp-1113264": {
    "bg": 1.75
  },
  "mp-1120739": {
    "bg": 3.2
  },
  "mp-1153": {
    "bg": 3.3595
  },
  "mp-1188267": {
    "bg": 2.98
  },
  "mp-1190": {
    "bg": 2.7
  },
  "mp-1191101": {
    "bg": 3.742
  },
  "mp-1191636": {
    "bg": 2.58
  },
  "mp-1195026": {
    "bg": 4.17
  },
  "mp-1195270": {
    "bg": 2.0
  },
  "mp-1195571": {
    "bg": 4.53
  },
  "mp-1195664": {
    "bg": 2.1
  },
  "mp-1196139": {
    "bg": 0.6499999999999999
  },
  "mp-1198022": {
    "bg": 0.7
  },
  "mp-1203526": {
    "bg": 1.825
  },
  "mp-1205803": {
    "bg": 2.5
  },
  "mp-1205823": {
    "bg": 4.19
  },
  "mp-1205847": {
    "bg": 1.6
  },
  "mp-1206514": {
    "bg": 1.33
  },
  "mp-1206662": {
    "bg": 1.04
  },
  "mp-1207082": {
    "bg": 1.875
  },
  "mp-1207473": {
    "bg": 3.8
  },
  "mp-1214622": {
    "bg": 3.02
  },
  "mp-1219182": {
    "bg": 0.51
  },
  "mp-1219458": {
    "bg": 0.5
  },
  "mp-1253": {
    "bg": 1.843
  },
  "mp-12558": {
    "bg": 1.25
  },
  "mp-1266": {
    "bg": 2.0
  },
  "mp-13033": {
    "bg": 2.3
  },
  "mp-1315": {
    "bg": 0.658
  },
  "mp-1342": {
    "bg": 3.56
  },
  "mp-13944": {
    "bg": 4.4
  },
  "mp-14088": {
    "bg": 2.67
  },
  "mp-1415": {
    "bg": 2.47
  },
  "mp-1479": {
    "bg": 4.2
  },
  "mp-149": {
    "bg": 1.12
  },
  "mp-1500": {
    "bg": 3.67
  },
  "mp-15077": {
    "bg": 1.0
  },
  "mp-1519": {
    "bg": 4.0
  },
  "mp-1541": {
    "bg": 2.725
  },
  "mp-1550": {
    "bg": 2.48
  },
  "mp-1559": {
    "bg": 2.03
  },
  "mp-1569": {
    "bg": 2.0
  },
  "mp-15724": {
    "bg": 1.0
  },
  "mp-16705": {
    "bg": 3.9
  },
  "mp-1672": {
    "bg": 4.465
  },
  "mp-1747": {
    "bg": 1.9
  },
  "mp-1767": {
    "bg": 4.53
  },
  "mp-17844": {
    "bg": 2.68
  },
  "mp-18337": {
    "bg": 3.8
  },
  "mp-18852": {
    "bg": 4.37
  },
  "mp-19009": {
    "bg": 3.6
  },
  "mp-19202": {
    "bg": 0.693
  },
  "mp-19313": {
    "bg": 1.89
  },
  "mp-19318": {
    "bg": 3.26
  },
  "mp-1958": {
    "bg": 3.5
  },
  "mp-1960": {
    "bg": 3.24
  },
  "mp-19803": {
    "bg": 3.225
  },
  "mp-1990": {
    "bg": 1.865
  },
  "mp-1999": {
    "bg": 4.0
  },
  "mp-20194": {
    "bg": 3.13
  },
  "mp-2030": {
    "bg": 1.55
  },
  "mp-2074": {
    "bg": 1.0
  },
  "mp-2172": {
    "bg": 2.2
  },
  "mp-21735": {
    "bg": 1.765
  },
  "mp-2176": {
    "bg": 2.26
  },
  "mp-218": {
    "bg": 3.7
  },
  "mp-22408": {
    "bg": 2.45
  },
  "mp-22598": {
    "bg": 3.3
  },
  "mp-22766": {
    "bg": 3.785
  },
  "mp-22875": {
    "bg": 2.66
  },
  "mp-22895": {
    "bg": 3.118
  },
  "mp-22914": {
    "bg": 3.17
  },
  "mp-22922": {
    "bg": 3.25
  },
  "mp-22925": {
    "bg": 2.22
  },
  "mp-2310": {
    "bg": 3.6
  },
  "mp-23167": {
    "bg": 3.225
  },
  "mp-23182": {
    "bg": 2.38
  },
  "mp-23197": {
    "bg": 2.1
  },
  "mp-23231": {
    "bg": 2.6
  },
  "mp-23352": {
    "bg": 3.25
  },
  "mp-23383": {
    "bg": 2.19
  },
  "mp-23405": {
    "bg": 2.12
  },
  "mp-2345": {
    "bg": 4.8
  },
  "mp-23492": {
    "bg": 3.2
  },
  "mp-23494": {
    "bg": 3.09
  },
  "mp-2352": {
    "bg": 1.53
  },
  "mp-23703": {
    "bg": 2.76
  },
  "mp-23737": {
    "bg": 2.59
  },
  "mp-23804": {
    "bg": 1.875
  },
  "mp-23949": {
    "bg": 3.32
  },
  "mp-2469": {
    "bg": 2.14
  },
  "mp-2490": {
    "bg": 2.26
  },
  "mp-2514": {
    "bg": 1.935
  },
  "mp-252": {
    "bg": 2.895
  },
  "mp-2624": {
    "bg": 1.62
  },
  "mp-2647124": {
    "bg": 1.6
  },
  "mp-2667": {
    "bg": 2.6
  },
  "mp-2691": {
    "bg": 1.72
  },
  "mp-2718": {
    "bg": 1.82
  },
  "mp-27214": {
    "bg": 1.75
  },
  "mp-2758": {
    "bg": 4.42
  },
  "mp-27828": {
    "bg": 2.54
  },
  "mp-2784": {
    "bg": 2.15
  },
  "mp-28914": {
    "bg": 2.19
  },
  "mp-29044": {
    "bg": 1.81
  },
  "mp-29746": {
    "bg": 2.21
  },
  "mp-2998": {
    "bg": 3.23
  },
  "mp-31488": {
    "bg": 4.0
  },
  "mp-3307": {
    "bg": 3.2725
  },
  "mp-3335": {
    "bg": 3.6
  },
  "mp-361": {
    "bg": 2.1
  },
  "mp-36111": {
    "bg": 2.43
  },
  "mp-3614": {
    "bg": 3.65
  },
  "mp-375": {
    "bg": 4.0
  },
  "mp-3762": {
    "bg": 1.0
  },
  "mp-37906": {
    "bg": 3.45
  },
  "mp-3887": {
    "bg": 4.275
  },
  "mp-4043": {
    "bg": 2.45
  },
  "mp-406": {
    "bg": 1.5
  },
  "mp-4157": {
    "bg": 1.63
  },
  "mp-422": {
    "bg": 4.17
  },
  "mp-4394": {
    "bg": 4.19
  },
  "mp-4408": {
    "bg": 2.9
  },
  "mp-441": {
    "bg": 4.5
  },
  "mp-4604": {
    "bg": 1.4
  },
  "mp-4704": {
    "bg": 2.6
  },
  "mp-4842": {
    "bg": 3.5
  },
  "mp-5214": {
    "bg": 3.37
  },
  "mp-5229": {
    "bg": 3.21
  },
  "mp-5373": {
    "bg": 2.75
  },
  "mp-540957": {
    "bg": 1.47
  },
  "mp-542435": {
    "bg": 2.9
  },
  "mp-552676": {
    "bg": 2.01
  },
  "mp-556627": {
    "bg": 0.8
  },
  "mp-557466": {
    "bg": 3.94
  },
  "mp-558749": {
    "bg": 1.49
  },
  "mp-559200": {
    "bg": 2.05
  },
  "mp-565814": {
    "bg": 2.2
  },
  "mp-567910": {
    "bg": 1.89
  },
  "mp-568847": {
    "bg": 0.64
  },
  "mp-569571": {
    "bg": 0.9
  },
  "mp-571102": {
    "bg": 2.815
  },
  "mp-581024": {
    "bg": 1.62
  },
  "mp-5878": {
    "bg": 4.3805
  },
  "mp-5955": {
    "bg": 3.76
  },
  "mp-5967": {
    "bg": 1.0
  },
  "mp-5977": {
    "bg": 3.75
  },
  "mp-608555": {
    "bg": 2.14
  },
  "mp-614603": {
    "bg": 4.595000000000001
  },
  "mp-6270": {
    "bg": 2.42
  },
  "mp-641923": {
    "bg": 2.9
  },
  "mp-643": {
    "bg": 3.94
  },
  "mp-644203": {
    "bg": 3.17
  },
  "mp-648": {
    "bg": 1.62
  },
  "mp-66": {
    "bg": 3.15
  },
  "mp-6798": {
    "bg": 2.45
  },
  "mp-755882": {
    "bg": 2.21
  },
  "mp-756297": {
    "bg": 1.23
  },
  "mp-757233": {
    "bg": 2.68
  },
  "mp-7575": {
    "bg": 1.945
  },
  "mp-769396": {
    "bg": 3.8
  },
  "mp-772617": {
    "bg": 3.75
  },
  "mp-8062": {
    "bg": 2.4161
  },
  "mp-812": {
    "bg": 2.84
  },
  "mp-830": {
    "bg": 3.3
  },
  "mp-8426": {
    "bg": 2.035
  },
  "mp-844": {
    "bg": 1.55
  },
  "mp-8484": {
    "bg": 3.6
  },
  "mp-849286": {
    "bg": 4.13
  },
  "mp-8624": {
    "bg": 2.75
  },
  "mp-9124": {
    "bg": 1.61
  },
  "mp-9437": {
    "bg": 0.53
  },
  "mp-947": {
    "bg": 1.8
  },
  "mp-975275": {
    "bg": 1.0
  },
  "mp-976148": {
    "bg": 1.2
  },
  "mp-984761": {
    "bg": 1.5
  },
  "mp-985591": {
    "bg": 2.12
  },
  "mp-985592": {
    "bg": 3.1
  },
  "mp-997618": {
    "bg": 2.6
  },
  "mp-998552": {
    "bg": 3.0
  }
}