{
  "mp-1041014": {
    "bg": 2.81
  },
  "mp-1048859": {
    "bg": 3.35
  },
  "mp-1057015": {
    "bg": 0.7
  },
  "mp-10782": {
    "bg": 2.5
  },
  "mp-1078295": {
    "bg": 3.08
  },
  "mp-1078634": {
    "bg": 2.1
  },
  "mp-1096940": {
    "bg": 3.4
  },
  "mp-1096942": {
    "bg": 1.07
  },
  "mp-1100868": {
    "bg": 0.6
  },
  "mp-1104268": {
    "bg": 2.215
  },
  "mp-1104938": {
    "bg": 4.84
  },
  "mp-1115": {
    "bg": 1.2
  },
  "mp-1170": {
    "bg": 2.2
  },
  "mp-1178577": {
    "bg": 2.44
  },
  "mp-1186": {
    "bg": 1.7
  },
  "mp-1190588": {
    "bg": 4.59
  },
  "mp-1192032": {
    "bg": 4.82
  },
  "mp-1195471": {
    "bg": 4.15
  },
  "mp-1198962": {
    "bg": 3.3
  },
  "mp-1201691": {
    "bg": 3.2
  },
  "mp-1204356": {
    "bg": 2.5
  },
  "mp-1213805": {
    "bg": 1.05
  },
  "mp-1214475": {
    "bg": 4.32
  },
  "mp-1216132": {
    "bg": 2.38
  },
  "mp-1216202": {
    "bg": 0.88
  },
  "mp-1216225": {
    "bg": 0.72
  },
  "mp-1216778": {
    "bg": 1.12
  },
  "mp-1220879": {
    "bg": 1.48
  },
  "mp-1221125": {
    "bg": 1.21
  },
  "mp-1223253": {
    "bg": 1.133
  },
  "mp-1223443": {
    "bg": 0.86
  },
  "mp-1223642": {
    "bg": 1.84
  },
  "mp-1224229": {
    "bg": 3.1500000000000004
  },
  "mp-1225654": {
    "bg": 3.306
  },
  "mp-1226384": {
    "bg": 1.62
  },
  "mp-1227335": {
    "bg": 0.92
  },
  "mp-1228150": {
    "bg": 4.1
  },
  "mp-1228245": {
    "bg": 3.9
  },
  "mp-1228557": {
    "bg": 3.4
  },
  "mp-1229044": {
    "bg": 2.56
  },
  "mp-1238804": {
    "bg": 3.44
  },
  "mp-1246515": {
    "bg": 2.5
  },
  "mp-1288145": {
    "bg": 2.1
  },
  "mp-13313": {
    "bg": 0.79
  },
  "mp-13334": {
    "bg": 3.05
  },
  "mp-13383": {
    "bg": 1.55
  },
  "mp-1346": {
    "bg": 2.0
  },
  "mp-1411545": {
    "bg": 0.5449999999999999
  },
  "mp-1434": {
    "bg": 1.78
  },
  "mp-14591": {
    "bg": 1.36
  },
  "mp-160": {
    "bg": 2.0
  },
  "mp-17481": {
    "bg": 2.8
  },
  "mp-17756": {
    "bg": 2.3
  },
  "mp-17947": {
    "bg": 2.465
  },
  "mp-18685": {
    "bg": 2.5
  },
  "mp-18814": {
    "bg": 3.104
  },
  "mp-19097": {
    "bg": 2.35
  },
  "mp-19386": {
    "bg": 3.45
  },
  "mp-20072": {
    "bg": 2.34
  },
  "mp-20282": {
    "bg": 2.55
  },
  "mp-20289": {
    "bg": 2.585
  },
  "mp-22323": {
    "bg": 3.02
  },
  "mp-22398": {
    "bg": 4.01
  },
  "mp-22473": {
    "bg": 2.8
  },
  "mp-22526": {
    "bg": 2.7
  },
  "mp-22566": {
    "bg": 2.4
  },
  "mp-22691": {
    "bg": 1.39
  },
  "mp-22849": {
    "bg": 1.8
  },
  "mp-22881": {
    "bg": 2.31
  },
  "mp-22893": {
    "bg": 2.28
  },
  "mp-22965": {
    "bg": 0.5449999999999999
  },
  "mp-22988": {
    "bg": 1.835
  },
  "mp-23054": {
    "bg": 2.45
  },
  "mp-23218": {
    "bg": 2.415
  },
  "mp-23281": {
    "bg": 2.3550000000000004
  },
  "mp-23290": {
    "bg": 0.5
  },
  "mp-23309": {
    "bg": 5.0
  },
  "mp-23436": {
    "bg": 3.95
  },
  "mp-23501": {
    "bg": 2.2
  },
  "mp-23709": {
    "bg": 2.9
  },
  "mp-27484": {
    "bg": 1.0
  },
  "mp-27544": {
    "bg": 2.67
  },
  "mp-27629": {
    "bg": 2.07
  },
  "mp-27922": {
    "bg": 1.5
  },
  "mp-28013": {
    "bg": 4.220000000000001
  },
  "mp-28222": {
    "bg": 2.48
  },
  "mp-28240": {
    "bg": 3.35
  },
  "mp-28306": {
    "bg": 3.76
  },
  "mp-28377": {
    "bg": 1.6
  },
  "mp-28395": {
    "bg": 3.3
  },
  "mp-29678": {
    "bg": 0.98
  },
  "mp-3006": {
    "bg": 2.12
  },
  "mp-31406": {
    "bg": 0.62
  },
  "mp-3285": {
    "bg": 3.3
  },
  "mp-33723": {
    "bg": 0.6
  },
  "mp-3466": {
    "bg": 3.8
  },
  "mp-35308": {
    "bg": 3.26
  },
  "mp-3563": {
    "bg": 3.81
  },
  "mp-3666": {
    "bg": 4.4
  },
  "mp-3731": {
    "bg": 3.875
  },
  "mp-3748": {
    "bg": 3.87
  },
  "mp-3771": {
    "bg": 3.7
  },
  "mp-3789": {
    "bg": 4.955
  },
  "mp-4236": {
    "bg": 2.2
  },
  "mp-4280": {
    "bg": 3.6
  },
  "mp-4431": {
    "bg": 2.133
  },
  "mp-4514": {
    "bg": 3.265
  },
  "mp-4515": {
    "bg": 1.93
  },
  "mp-4531": {
    "bg": 2.92
  },
  "mp-4636": {
    "bg": 3.3
  },
  "mp-504554": {
    "bg": 4.0
  },
  "mp-5175": {
    "bg": 3.9
  },
  "mp-547792": {
    "bg": 4.76
  },
  "mp-552185": {
    "bg": 1.86
  },
  "mp-554820": {
    "bg": 3.65
  },
  "mp-556407": {
    "bg": 2.3
  },
  "mp-556440": {
    "bg": 4.3
  },
  "mp-556516": {
    "bg": 0.79
  },
  "mp-558753": {
    "bg": 4.32
  },
  "mp-560086": {
    "bg": 2.62
  },
  "mp-560338": {
    "bg": 1.53
  },
  "mp-560717": {
    "bg": 2.3
  },
  "mp-567259": {
    "bg": 3.4729
  },
  "mp-567504": {
    "bg": 1.09
  },
  "mp-568722": {
    "bg": 4.47
  },
  "mp-569126": {
    "bg": 1.4
  },
  "mp-5693": {
    "bg": 0.89
  },
  "mp-569702": {
    "bg": 2.08
  },
  "mp-569715": {
    "bg": 1.2
  },
  "mp-570081": {
    "bg": 3.0
  },
  "mp-570437": {
    "bg": 3.2
  },
  "mp-570485": {
    "bg": 0.63
  },
  "mp-571195": {
    "bg": 2.26
  },
  "mp-5795": {
    "bg": 3.25
  },
  "mp-579560": {
    "bg": 2.36
  },
  "mp-5909": {
    "bg": 4.5
  },
  "mp-624": {
    "bg": 1.51
  },
  "mp-6296": {
    "bg": 2.33
  },
  "mp-6325": {
    "bg": 4.28
  },
  "mp-634": {
    "bg": 2.03
  },
  "mp-665": {
    "bg": 1.2
  },
  "mp-669311": {
    "bg": 1.75
  },
  "mp-672289": {
    "bg": 2.595
  },
  "mp-683965": {
    "bg": 3.94
  },
  "mp-683998": {
    "bg": 1.2
  },
  "mp-7375": {
    "bg": 3.24
  },
  "mp-754318": {
    "bg": 2.18
  },
  "mp-754329": {
    "bg": 3.0
  },
  "mp-754654": {
    "bg": 3.75
  },
  "mp-755225": {
    "bg": 4.74
  },
  "mp-758562": {
    "bg": 2.9
  },
  "mp-761057": {
    "bg": 4.0
  },
  "mp-762": {
    "bg": 0.95
  },
  "mp-7684": {
    "bg": 1.3
  },
  "mp-769582": {
    "bg": 4.75
  },
  "mp-7988": {
    "bg": 2.74
  },
  "mp-8291": {
    "bg": 3.03
  },
  "mp-8830": {
    "bg": 1.33
  },
  "mp-9028": {
    "bg": 4.0
  },
  "mp-9252": {
    "bg": 0.7
  },
  "mp-9380": {
    "bg": 3.28
  },
  "mp-9812": {
    "bg": 3.34
  },
  "mp-985829": {
    "bg": 1.93
  },
  "mp-985831": {
    "bg": 1.13
  },
  "mp-9890": {
    "bg": 3.44
  },
  "mp-989524": {
    "bg": 1.5405
  },
  "mp-998611": {
    "bg": 0.94
  },
  "mp-999265": {
    "bg": 4.0
  },
  "mp-999289": {
    "bg": 1.18
  }
}