{
  "mp-1004532": {
    "bg": 3.78
  },
  "mp-1019602": {
    "bg": 4.13
  },
  "mp-1020643": {
    "bg": 2.66
  },
  "mp-10293": {
    "bg": 2.2
  },
  "mp-10390": {
    "bg": 4.0
  },
  "mp-10499": {
    "bg": 3.5
  },
  "mp-1078132": {
    "bg": 0.7000000000000001
  },
  "mp-1078405": {
    "bg": 1.75
  },
  "mp-1078667": {
    "bg": 1.51
  },
  "mp-1078724": {
    "bg": 1.105
  },
  "mp-1095291": {
    "bg": 1.95
  },
  "mp-1095296": {
    "bg": 1.43
  },
  "mp-1095420": {
    "bg": 3.62
  },
  "mp-1095429": {
    "bg": 2.37
  },
  "mp-1095584": {
    "bg": 1.4
  },
  "mp-10973": {
    "bg": 1.72
  },
  "mp-1101841": {
    "bg": 1.4
  },
  "mp-1102395": {
    "bg": 0.9
  },
  "mp-1102534": {
    "bg": 1.4
  },
  "mp-1102833": {
    "bg": 1.2
  },
  "mp-1102857": {
    "bg": 0.5
  },
  "mp-1103351": {
    "bg": 2.85
  },
  "mp-1103730": {
    "bg": 2.53
  },
  "mp-1103802": {
    "bg": 4.24
  },
  "mp-1103970": {
    "bg": 1.5
  },
  "mp-1104293": {
    "bg": 1.8
  },
  "mp-1104411": {
    "bg": 3.26
  },
  "mp-1104544": {
    "bg": 2.43
  },
  "mp-1104878": {
    "bg": 1.62
  },
  "mp-1105127": {
    "bg": 0.53
  },
  "mp-1105235": {
    "bg": 3.76
  },
  "mp-1105692": {
    "bg": 1.57
  },
  "mp-1106218": {
    "bg": 3.47
  },
  "mp-11131": {
    "bg": 2.7
  },
  "mp-1120759": {
    "bg": 1.0750000000000002
  },
  "mp-1120792": {
    "bg": 2.1
  },
  "mp-11674": {
    "bg": 3.1
  },
  "mp-1172870": {
    "bg": 2.43
  },
  "mp-1173567": {
    "bg": 3.6685
  },
  "mp-11793": {
    "bg": 2.1
  },
  "mp-1180019": {
    "bg": 1.45
  },
  "mp-1182128": {
    "bg": 1.8
  },
  "mp-1188364": {
    "bg": 2.05
  },
  "mp-1188829": {
    "bg": 1.4
  },
  "mp-1189528": {
    "bg": 3.645
  },
  "mp-1189914": {
    "bg": 3.28
  },
  "mp-1190100": {
    "bg": 0.9
  },
  "mp-1190138": {
    "bg": 2.87
  },
  "mp-1190141": {
    "bg": 2.03
  },
  "mp-1190145": {
    "bg": 2.7935
  },
  "mp-1190216": {
    "bg": 3.68
  },
  "mp-1190364": {
    "bg": 2.14
  },
  "mp-1190401": {
    "bg": 2.2
  },
  "mp-1190429": {
    "bg": 2.47
  },
  "mp-1190524": {
    "bg": 1.74
  },
  "mp-1190564": {
    "bg": 4.05
  },
  "mp-1190698": {
    "bg": 2.04
  },
  "mp-1190898": {
    "bg": 4.05
  },
  "mp-1191072": {
    "bg": 2.73
  },
  "mp-1191111": {
    "bg": 3.44
  },
  "mp-1191200": {
    "bg": 2.3
  },
  "mp-1191234": {
    "bg": 3.4
  },
  "mp-1191333": {
    "bg": 4.2
  },
  "mp-1191476": {
    "bg": 3.45
  },
  "mp-1191817": {
    "bg": 2.54
  },
  "mp-1191826": {
    "bg": 2.26
  },
  "mp-1191903": {
    "bg": 3.61
  },
  "mp-1191976": {
    "bg": 3.4
  },
  "mp-1192126": {
    "bg": 4.1
  },
  "mp-1192203": {
    "bg": 2.93
  },
  "mp-1192358": {
    "bg": 3.64
  },
  "mp-1192395": {
    "bg": 2.8
  },
  "mp-1192452": {
    "bg": 1.15
  },
  "mp-1192532": {
    "bg": 1.15
  },
  "mp-1192562": {
    "bg": 3.66
  },
  "mp-1192595": {
    "bg": 1.735
  },
  "mp-1193501": {
    "bg": 5.0
  },
  "mp-1194282": {
    "bg": 3.4
  },
  "mp-1194412": {
    "bg": 3.73
  },
  "mp-1194540": {
    "bg": 2.33
  },
  "mp-1194576": {
    "bg": 2.48
  },
  "mp-1194625": {
    "bg": 3.1
  },
  "mp-1194705": {
    "bg": 1.9
  },
  "mp-1194731": {
    "bg": 2.06
  },
  "mp-1194853": {
    "bg": 2.3
  },
  "mp-1194859": {
    "bg": 2.9
  },
  "mp-1194904": {
    "bg": 3.25
  },
  "mp-1195032": {
    "bg": 3.62
  },
  "mp-1195033": {
    "bg": 1.3
  },
  "mp-1195068": {
    "bg": 1.6
  },
  "mp-1195277": {
    "bg": 3.1
  },
  "mp-1195291": {
    "bg": 1.6
  },
  "mp-1195296": {
    "bg": 4.64
  },
  "mp-1195304": {
    "bg": 2.34
  },
  "mp-1195350": {
    "bg": 1.81
  },
  "mp-1195363": {
    "bg": 2.62
  },
  "mp-1195395": {
    "bg": 2.3
  },
  "mp-1195550": {
    "bg": 2.46
  },
  "mp-1195574": {
    "bg": 1.63
  },
  "mp-1195624": {
    "bg": 2.4
  },
  "mp-1195697": {
    "bg": 3.0
  },
  "mp-1195772": {
    "bg": 1.15
  },
  "mp-1195822": {
    "bg": 1.15
  },
  "mp-1196607": {
    "bg": 3.7
  },
  "mp-1196881": {
    "bg": 4.0
  },
  "mp-1197285": {
    "bg": 4.2
  },
  "mp-1197611": {
    "bg": 2.32
  },
  "mp-1198053": {
    "bg": 2.5
  },
  "mp-1198509": {
    "bg": 4.1
  },
  "mp-1199265": {
    "bg": 2.79
  },
  "mp-1199482": {
    "bg": 1.33
  },
  "mp-1199702": {
    "bg": 2.55
  },
  "mp-1199715": {
    "bg": 2.2
  },
  "mp-1199743": {
    "bg": 2.16
  },
  "mp-1200447": {
    "bg": 1.9
  },
  "mp-1200490": {
    "bg": 4.59
  },
  "mp-1200569": {
    "bg": 2.34
  },
  "mp-1200720": {
    "bg": 2.81
  },
  "mp-1200744": {
    "bg": 4.76
  },
  "mp-1200758": {
    "bg": 2.87
  },
  "mp-1200796": {
    "bg": 3.87
  },
  "mp-1201027": {
    "bg": 2.9
  },
  "mp-1201213": {
    "bg": 4.76
  },
  "mp-1201413": {
    "bg": 2.62
  },
  "mp-1201494": {
    "bg": 1.83
  },
  "mp-1201497": {
    "bg": 1.73
  },
  "mp-1202389": {
    "bg": 3.58
  },
  "mp-1203404": {
    "bg": 3.06
  },
  "mp-1203522": {
    "bg": 3.59
  },
  "mp-1203622": {
    "bg": 3.5
  },
  "mp-1204192": {
    "bg": 3.16
  },
  "mp-1204289": {
    "bg": 1.02
  },
  "mp-1204598": {
    "bg": 3.1
  },
  "mp-1204785": {
    "bg": 3.47
  },
  "mp-1205018": {
    "bg": 3.97
  },
  "mp-1205352": {
    "bg": 1.735
  },
  "mp-1206068": {
    "bg": 1.5
  },
  "mp-1208111": {
    "bg": 2.92
  },
  "mp-1208761": {
    "bg": 3.38
  },
  "mp-1209358": {
    "bg": 2.21
  },
  "mp-1209424": {
    "bg": 2.8
  },
  "mp-1209628": {
    "bg": 1.88
  },
  "mp-1209693": {
    "bg": 2.1
  },
  "mp-1209751": {
    "bg": 1.0
  },
  "mp-1211314": {
    "bg": 1.02
  },
  "mp-1211317": {
    "bg": 4.1
  },
  "mp-1211748": {
    "bg": 2.21
  },
  "mp-1211873": {
    "bg": 1.61
  },
  "mp-1212067": {
    "bg": 4.05
  },
  "mp-1212599": {
    "bg": 1.77
  },
  "mp-1212633": {
    "bg": 3.3
  },
  "mp-1214217": {
    "bg": 1.615
  },
  "mp-1214786": {
    "bg": 1.2
  },
  "mp-1214793": {
    "bg": 1.3
  },
  "mp-1214937": {
    "bg": 3.35
  },
  "mp-1215990": {
    "bg": 2.71
  },
  "mp-1216491": {
    "bg": 0.76
  },
  "mp-1216962": {
    "bg": 2.5
  },
  "mp-1217269": {
    "bg": 2.392
  },
  "mp-1218587": {
    "bg": 4.0
  },
  "mp-1218879": {
    "bg": 4.11
  },
  "mp-1220990": {
    "bg": 4.9
  },
  "mp-1221129": {
    "bg": 4.13
  },
  "mp-1222368": {
    "bg": 2.505
  },
  "mp-1222376": {
    "bg": 3.1
  },
  "mp-1222398": {
    "bg": 2.64
  },
  "mp-1224772": {
    "bg": 3.75
  },
  "mp-1225967": {
    "bg": 1.9
  },
  "mp-1225993": {
    "bg": 1.21
  },
  "mp-1227709": {
    "bg": 3.7
  },
  "mp-1228491": {
    "bg": 4.1
  },
  "mp-1228703": {
    "bg": 1.8
  },
  "mp-1229254": {
    "bg": 3.25
  },
  "mp-1238815": {
    "bg": 1.795
  },
  "mp-1239169": {
    "bg": 1.5
  },
  "mp-1250007": {
    "bg": 1.74
  },
  "mp-1271821": {
    "bg": 1.82
  },
  "mp-1274279": {
    "bg": 2.0
  },
  "mp-1274308": {
    "bg": 2.38
  },
  "mp-13019": {
    "bg": 4.5
  },
  "mp-13282": {
    "bg": 2.0
  },
  "mp-1340": {
    "bg": 2.29
  },
  "mp-1392": {
    "bg": 1.42
  },
  "mp-13979": {
    "bg": 2.14
  },
  "mp-14659": {
    "bg": 1.62
  },
  "mp-15201": {
    "bg": 2.7
  },
  "mp-1536": {
    "bg": 0.9
  },
  "mp-1542940": {
    "bg": 1.3
  },
  "mp-15559": {
    "bg": 1.745
  },
  "mp-15649": {
    "bg": 1.0
  },
  "mp-1582": {
    "bg": 4.5
  },
  "mp-17254": {
    "bg": 1.88
  },
  "mp-17272": {
    "bg": 2.0
  },
  "mp-17360": {
    "bg": 3.84
  },
  "mp-17464": {
    "bg": 3.185
  },
  "mp-18179": {
    "bg": 2.5
  },
  "mp-1863": {
    "bg": 1.525
  },
  "mp-18783": {
    "bg": 2.42
  },
  "mp-18855": {
    "bg": 3.6
  },
  "mp-18875": {
    "bg": 3.39
  },
  "mp-18899": {
    "bg": 1.02
  },
  "mp-18918": {
    "bg": 3.3
  },
  "mp-18988": {
    "bg": 1.89
  },
  "mp-19049": {
    "bg": 2.95
  },
  "mp-19083": {
    "bg": 2.495
  },
  "mp-19114": {
    "bg": 2.32
  },
  "mp-19142": {
    "bg": 1.8
  },
  "mp-19146": {
    "bg": 2.25
  },
  "mp-19260": {
    "bg": 4.175
  },
  "mp-19264": {
    "bg": 1.92
  },
  "mp-19387": {
    "bg": 3.7
  },
  "mp-19407": {
    "bg": 2.69
  },
  "mp-19421": {
    "bg": 2.495
  },